"target","contrast","adj.pval","maxdeltaPS","log2FC","up.down"
"AT1G01550","SETI_WT.E-SETI_WT.mock",0.00142374774209629,0.373817463313279,1.31537980341593,"up-regulated"
"AT1G01550","SETI_WT.P-SETI_WT.mock",0.00252293351573991,0.343381610602394,1.54008756844117,"up-regulated"
"AT1G01550","SETI_WT.PE-SETI_WT.mock",0.00441461988991365,-0.366313083863557,1.41634057993603,"up-regulated"
"AT1G01690","SETI_WT.E-SETI_WT.mock",0.00997204959714847,0.368793772192439,2.55313780469452,"up-regulated"
"AT1G02350","SETI_WT.P-SETI_WT.mock",0.00715840413804169,-0.804391706060032,-2.55368787192152,"down-regulated"
"AT1G03100","SETI_WT.PE-SETI_WT.E",0.003112724299213,0.718075105365536,-1.03742447000133,"down-regulated"
"AT1G04080","SETI_WT.P-SETI_WT.mock",0.000104876318670499,0.242307013377873,0.4463613763722,"up-regulated"
"AT1G04080","SETI_WT.PE-SETI_WT.mock",0.00917729679755841,0.19003226036907,0.466025003423675,"up-regulated"
"AT1G05670","SETI_WT.PE-SETI_WT.E",0.00840673399881934,0.520579985029887,0.0839181484159175,"up-regulated"
"AT1G06820","SETI_WT.PE-SETI_WT.mock",0.00605847359927923,0.277905614146915,-0.496859284571464,"down-regulated"
"AT1G07728","SETI_WT.P-SETI_WT.mock",0.00629348449014255,0.285811599424923,-0.037986057190845,"down-regulated"
"AT1G08630","SETI_WT.E-SETI_WT.mock",0.00727402214422857,1,5.60789342470821,"up-regulated"
"AT1G08630","SETI_WT.PE-SETI_WT.mock",0.00519185005996171,1,5.82246102762422,"up-regulated"
"AT1G08970","SETI_WT.P-SETI_WT.mock",0.000577471635046553,0.113070681755416,0.106944147736846,"up-regulated"
"AT1G09710","SETI_WT.P-SETI_WT.E",0.00992984000974064,1,-1.9478494377541,"down-regulated"
"AT1G10120","SETI_WT.PE-SETI_WT.mock",0.00502962330349892,-0.728383923847044,-0.831529876261287,"down-regulated"
"AT1G11130","SETI_WT.P-SETI_WT.E",0.00226882918837046,-1,-3.37320176122389,"down-regulated"
"AT1G11130","SETI_WT.P-SETI_WT.mock",0.000359537261708541,-1,-3.63606859737932,"down-regulated"
"AT1G12440","SETI_WT.P-SETI_WT.mock",3.04924245085729e-06,0.46207345418241,0.489119932331593,"up-regulated"
"AT1G12440","SETI_WT.PE-SETI_WT.mock",0.000261002099716491,0.385462325604003,0.379159023917193,"up-regulated"
"AT1G13000","SETI_WT.PE-SETI_WT.E",0.000701628727822397,-0.146302882282441,-0.183183936559651,"down-regulated"
"AT1G13000","SETI_WT.PE-SETI_WT.mock",5.16724113835989e-05,0.122840894480931,0.859729292119696,"up-regulated"
"AT1G14270","SETI_WT.E-SETI_WT.mock",0.000473135342416069,0.219290345867576,0.0712146275613366,"up-regulated"
"AT1G14270","SETI_WT.P-SETI_WT.mock",0.00827079169401723,0.267973720123968,-1.06315710742499,"down-regulated"
"AT1G14650","SETI_WT.P-SETI_WT.E",0.00896488170754965,-0.549279806366641,0.343636009213064,"up-regulated"
"AT1G14650","SETI_WT.P-SETI_WT.mock",0.00246233863938879,0.447934483026424,0.308544843123959,"up-regulated"
"AT1G14650","SETI_WT.PE-SETI_WT.mock",0.00863665651053719,0.337296344886759,0.204657635726249,"up-regulated"
"AT1G14700","SETI_WT.P-SETI_WT.E",0.00376774190531298,1,-3.09420211658406,"down-regulated"
"AT1G15410","SETI_WT.PE-SETI_WT.mock",0.00398371589162501,-0.947786459771828,-2.13522453558466,"down-regulated"
"AT1G16090","SETI_WT.P-SETI_WT.mock",0.00223272908175008,-0.258244464318895,6.15102195994653,"up-regulated"
"AT1G16090","SETI_WT.PE-SETI_WT.mock",0.004058776693262,-0.258244464318895,5.94981540657408,"up-regulated"
"AT1G17090","SETI_WT.E-SETI_WT.mock",0.00168574539866426,-0.826824901615598,-0.616124786165296,"down-regulated"
"AT1G17350","SETI_WT.P-SETI_WT.mock",0.00904501284689813,0.75600418306308,-1.28551197689296,"down-regulated"
"AT1G17850","SETI_WT.E-SETI_WT.mock",0.00924550532504836,0.464837023585456,-0.320910115720723,"down-regulated"
"AT1G20380","SETI_WT.P-SETI_WT.mock",0.00454197872005679,-0.615442503946041,-2.37403371321175,"down-regulated"
"AT1G26090","SETI_WT.E-SETI_WT.mock",0.000256637962395604,0.279873872913774,0.306539181979043,"up-regulated"
"AT1G27180","SETI_WT.PE-SETI_WT.E",0.000701628727822397,-0.613687768268714,-0.329386996753255,"down-regulated"
"AT1G27180","SETI_WT.PE-SETI_WT.mock",0.00039800338484667,-0.613225869504027,0.155398121736526,"up-regulated"
"AT1G27520","SETI_WT.PE-SETI_WT.mock",0.00905369248781512,0.31772546392692,-0.216369152550576,"down-regulated"
"AT1G27700","SETI_WT.P-SETI_WT.E",0.000418806911580177,0.102895123256591,0.359213761756167,"up-regulated"
"AT1G30520","SETI_WT.P-SETI_WT.E",0.0077446719070411,-0.924552235685445,-2.09053896631456,"down-regulated"
"AT1G30520","SETI_WT.P-SETI_WT.mock",0.00216285258384716,-0.75646932069401,-3.22552684634604,"down-regulated"
"AT1G32190","SETI_WT.P-SETI_WT.mock",0.00286219101039029,1,-3.40391439206545,"down-regulated"
"AT1G49032","SETI_WT.P-SETI_WT.E",0.00189008030647789,-0.14805082248147,1.31168473046593,"up-regulated"
"AT1G49032","SETI_WT.P-SETI_WT.mock",0.000546576522468445,-0.14805082248147,1.38507136740407,"up-regulated"
"AT1G49630","SETI_WT.P-SETI_WT.E",0.000399280445712484,1,-2.3015468641745,"down-regulated"
"AT1G49630","SETI_WT.P-SETI_WT.mock",8.9709542579602e-06,1,-2.19196811947567,"down-regulated"
"AT1G51645","SETI_WT.E-SETI_WT.mock",0.00418520999818069,-0.289777734520251,0.885983605032088,"up-regulated"
"AT1G51645","SETI_WT.P-SETI_WT.mock",0.000104876318670499,0.40235934074707,0.696162868731292,"up-regulated"
"AT1G51645","SETI_WT.PE-SETI_WT.mock",0.000345111101491277,0.363383574948246,0.53245367862484,"up-regulated"
"AT1G52500","SETI_WT.E-SETI_WT.mock",0.00684229606258227,-0.133763183715728,0.250902719966501,"up-regulated"
"AT1G53165","SETI_WT.P-SETI_WT.mock",0.00260714113686437,-0.288539639581621,1.68292609541497,"up-regulated"
"AT1G53990","SETI_WT.P-SETI_WT.E",0.0077446719070411,-1,1.47258732627731,"up-regulated"
"AT1G54380","SETI_WT.PE-SETI_WT.mock",0.004058776693262,0.183391982422981,0.464205341862246,"up-regulated"
"AT1G56145","SETI_WT.P-SETI_WT.E",0.000399280445712484,-0.583300888402143,0.972318488607002,"up-regulated"
"AT1G56145","SETI_WT.P-SETI_WT.mock",4.7817448487045e-07,-0.709660739007511,2.33225901841435,"up-regulated"
"AT1G56145","SETI_WT.PE-SETI_WT.E",0.00995123084745795,-0.610306787418997,0.881615441922575,"up-regulated"
"AT1G56145","SETI_WT.PE-SETI_WT.mock",9.58937756211154e-06,-0.736666638024365,2.24155597172992,"up-regulated"
"AT1G58590","SETI_WT.E-SETI_WT.mock",0.000845468392210593,0.163137213284455,0.117638481242185,"up-regulated"
"AT1G58590","SETI_WT.PE-SETI_WT.mock",0.0023849987927327,0.17901211057345,0.377867389203827,"up-regulated"
"AT1G61430","SETI_WT.P-SETI_WT.mock",0.0003310869340648,-0.330936651462339,1.7298833918713,"up-regulated"
"AT1G63020","SETI_WT.E-SETI_WT.mock",0.000631099942763705,1,0.130840319989127,"up-regulated"
"AT1G63020","SETI_WT.P-SETI_WT.E",0.000399280445712484,-1,0.66290292087157,"up-regulated"
"AT1G63020","SETI_WT.PE-SETI_WT.E",0.000422126510851879,-1,0.742076179807154,"up-regulated"
"AT1G63830","SETI_WT.E-SETI_WT.mock",2.00938492677532e-08,-0.48187191258624,2.36888480902908,"up-regulated"
"AT1G63830","SETI_WT.P-SETI_WT.mock",0.00711838889253892,0.311459784133784,2.36252074896822,"up-regulated"
"AT1G63830","SETI_WT.PE-SETI_WT.mock",0.00303548088229953,-0.351580344287056,2.23601478556738,"up-regulated"
"AT1G64150","SETI_WT.P-SETI_WT.mock",0.00211204240764993,0.100269022115861,-0.726978773603349,"down-regulated"
"AT1G64760","SETI_WT.P-SETI_WT.mock",0.00774222167061627,0.548812879322814,0.723197288564824,"up-regulated"
"AT1G66260","SETI_WT.E-SETI_WT.mock",6.63550422047907e-05,0.15196620960794,0.719979291192994,"up-regulated"
"AT1G66460","SETI_WT.PE-SETI_WT.E",0.000425243976326855,-1,0.519014813357789,"up-regulated"
"AT1G67500","SETI_WT.E-SETI_WT.mock",0.00414149660289276,-0.759836190106549,-0.170471866631052,"down-regulated"
"AT1G67500","SETI_WT.P-SETI_WT.E",0.00621279515504669,0.936609790309906,-0.0729756769937846,"down-regulated"
"AT1G67560","SETI_WT.P-SETI_WT.mock",0.0062940254392253,0.147517017113348,-1.07673150616061,"down-regulated"
"AT1G68920","SETI_WT.P-SETI_WT.mock",0.00454197872005679,0.510885012490048,-1.14097313620984,"down-regulated"
"AT1G69420","SETI_WT.E-SETI_WT.mock",0.00293443217241545,0.228949638956495,-0.562977581326054,"down-regulated"
"AT1G69420","SETI_WT.P-SETI_WT.mock",0.000210481938694329,0.612881272698975,-2.18277073493181,"down-regulated"
"AT1G70410","SETI_WT.P-SETI_WT.E",0.00855258583395114,0.131657028081134,0.48234244225321,"up-regulated"
"AT1G70410","SETI_WT.P-SETI_WT.mock",0.00684848873626678,0.122505385333844,0.631049788821351,"up-regulated"
"AT1G72250","SETI_WT.PE-SETI_WT.mock",0.00130341578199105,-1,2.34822429259633,"up-regulated"
"AT1G75300","SETI_WT.P-SETI_WT.mock",0.00700640081301426,-1,-1.78802591152923,"down-regulated"
"AT2G01830","SETI_WT.E-SETI_WT.mock",0.000147276575983033,-0.766267220551299,-1.05883193378767,"down-regulated"
"AT2G01830","SETI_WT.PE-SETI_WT.mock",0.00840532491068145,0.776457699556732,-2.80593712000143,"down-regulated"
"AT2G01860","SETI_WT.P-SETI_WT.mock",0.00102896751079164,0.348108986617705,-1.63578018914457,"down-regulated"
"AT2G02080","SETI_WT.P-SETI_WT.mock",0.00443453568279465,0.249797198314866,-2.6119452249512,"down-regulated"
"AT2G04378","SETI_WT.P-SETI_WT.mock",0.000577471635046553,-0.21315479160432,0.804883671668007,"up-regulated"
"AT2G04430","SETI_WT.E-SETI_WT.mock",0.00160141199296285,-0.64733394743599,3.91235135353328,"up-regulated"
"AT2G04430","SETI_WT.PE-SETI_WT.mock",0.00300639470542389,-0.620446774253867,3.40048351133303,"up-regulated"
"AT2G13800","SETI_WT.P-SETI_WT.mock",3.00106257385183e-05,-0.506343658072331,2.40193874695173,"up-regulated"
"AT2G13800","SETI_WT.PE-SETI_WT.mock",0.00711012325566334,-0.471835206205351,2.0579432776276,"up-regulated"
"AT2G16380","SETI_WT.PE-SETI_WT.mock",0.0093594610007241,-0.196347131477264,0.392388318706601,"up-regulated"
"AT2G16940","SETI_WT.P-SETI_WT.mock",0.00993378544533065,0.197735078294652,0.33742056795573,"up-regulated"
"AT2G20000","SETI_WT.PE-SETI_WT.E",0.00239764545260963,-0.294753405391215,-0.0989126566382561,"down-regulated"
"AT2G20950","SETI_WT.P-SETI_WT.mock",0.000990492267797707,-0.267758272961385,0.967333198288653,"up-regulated"
"AT2G20950","SETI_WT.PE-SETI_WT.mock",0.00410548646979525,0.204617642106221,1.15612505332076,"up-regulated"
"AT2G21070","SETI_WT.PE-SETI_WT.mock",0.00801505687212719,0.539086776141626,-1.20398431539499,"down-regulated"
"AT2G21540","SETI_WT.PE-SETI_WT.E",0.000248716885221524,0.145881161352043,0.174864660385495,"up-regulated"
"AT2G25470","SETI_WT.P-SETI_WT.mock",0.00106984544830602,-0.960172240305025,3.72420431496856,"up-regulated"
"AT2G25590","SETI_WT.E-SETI_WT.mock",0.00169444291051408,-0.430391761526462,-0.530321253230282,"down-regulated"
"AT2G25590","SETI_WT.P-SETI_WT.mock",9.53623723369746e-05,-0.430391761526462,-0.861400520172802,"down-regulated"
"AT2G25590","SETI_WT.PE-SETI_WT.E",0.00338198020443356,0.615245526328085,-0.186058998132862,"down-regulated"
"AT2G26590","SETI_WT.P-SETI_WT.mock",0.00081244522631798,-0.202151802220401,0.446203310744361,"up-regulated"
"AT2G26980","SETI_WT.E-SETI_WT.mock",0.00285290267146634,0.173033127026199,-0.507234666228024,"down-regulated"
"AT2G26980","SETI_WT.P-SETI_WT.mock",0.00200924681978875,0.178585679667173,-0.689964087194761,"down-regulated"
"AT2G27350","SETI_WT.PE-SETI_WT.E",0.000422126510851879,0.167160012143138,-0.0300581660747898,"down-regulated"
"AT2G28940","SETI_WT.E-SETI_WT.mock",0.00285290267146634,-0.30467703280849,1.45739457306583,"up-regulated"
"AT2G31530","SETI_WT.PE-SETI_WT.mock",0.00322014775964759,0.251607479813011,-0.382121607747358,"down-regulated"
"AT2G31800","SETI_WT.PE-SETI_WT.mock",0.00952207749081146,-0.146594549023736,1.07423438439949,"up-regulated"
"AT2G32500","SETI_WT.E-SETI_WT.mock",0.000255015446345572,0.126421452208624,0.168092196981643,"up-regulated"
"AT2G33620","SETI_WT.P-SETI_WT.mock",0.00291393833664392,0.202228358504289,-0.380610549793848,"down-regulated"
"AT2G35350","SETI_WT.P-SETI_WT.E",0.00855258583395114,1,-0.272469674607473,"down-regulated"
"AT2G36120","SETI_WT.P-SETI_WT.E",0.000115120796160184,-0.676794815660117,0.283792635703527,"up-regulated"
"AT2G36120","SETI_WT.P-SETI_WT.mock",0.00200129104295828,-0.508400647172039,0.634967960404516,"up-regulated"
"AT2G38185","SETI_WT.P-SETI_WT.mock",0.000262977898457359,0.699971997453506,0.230189674014341,"up-regulated"
"AT2G38185","SETI_WT.PE-SETI_WT.mock",0.00398371589162501,0.587610849949995,0.37451315658453,"up-regulated"
"AT2G38960","SETI_WT.PE-SETI_WT.mock",0.00771687683476663,-0.104377401378754,1.94662525177715,"up-regulated"
"AT2G39380","SETI_WT.P-SETI_WT.E",0.00095584898181438,1,12.6663328001155,"up-regulated"
"AT2G39380","SETI_WT.P-SETI_WT.mock",7.97540477478123e-05,1,11.396568082892,"up-regulated"
"AT2G39380","SETI_WT.PE-SETI_WT.E",0.00173744511716587,1,12.2223929301123,"up-regulated"
"AT2G39380","SETI_WT.PE-SETI_WT.mock",0.000204142245186736,1,10.9526282128887,"up-regulated"
"AT2G40120","SETI_WT.P-SETI_WT.mock",0.00976922456207562,-0.423809534611082,0.55766557080007,"up-regulated"
"AT2G41440","SETI_WT.PE-SETI_WT.mock",0.00347899924364571,-0.646475161274424,2.75624583232408,"up-regulated"
"AT2G41880","SETI_WT.PE-SETI_WT.mock",0.00605847359927923,-0.237095817731618,2.2859272394829,"up-regulated"
"AT2G43320","SETI_WT.E-SETI_WT.mock",2.2328791845237e-05,-0.397048801844448,2.69975468818147,"up-regulated"
"AT2G43320","SETI_WT.P-SETI_WT.E",7.14943752011044e-08,0.381400487137101,-0.146115984898521,"down-regulated"
"AT2G43320","SETI_WT.PE-SETI_WT.E",0.00239764545260963,0.327815163884834,-0.150945501090287,"down-regulated"
"AT2G43490","SETI_WT.PE-SETI_WT.E",0.00196842241730713,0.21056966182782,0.380928594745219,"up-regulated"
"AT2G45340","SETI_WT.P-SETI_WT.mock",0.00735424157525752,0.421690786363776,-4.88407343878472,"down-regulated"
"AT2G45770","SETI_WT.P-SETI_WT.E",0.0077446719070411,0.129025746284169,-2.20189458282284,"down-regulated"
"AT2G46080","SETI_WT.E-SETI_WT.mock",0.000193208648246718,0.223253387378641,0.863295231590651,"up-regulated"
"AT2G46080","SETI_WT.P-SETI_WT.mock",0.00629348449014255,0.11983478186751,0.342108948852208,"up-regulated"
"AT2G46080","SETI_WT.PE-SETI_WT.mock",0.00519185005996171,-0.132837966665853,0.287535762673453,"up-regulated"
"AT2G47760","SETI_WT.P-SETI_WT.E",8.41198605270774e-05,-0.583196417749824,-1.10588726046301,"down-regulated"
"AT2G47760","SETI_WT.P-SETI_WT.mock",6.712061458098e-06,-0.635404743917758,-0.96035253807602,"down-regulated"
"AT3G01540","SETI_WT.PE-SETI_WT.mock",0.00300639470542389,0.122033105927697,1.62007851414964,"up-regulated"
"AT3G01930","SETI_WT.P-SETI_WT.E",0.0077446719070411,-0.474817792878797,-0.664339231149964,"down-regulated"
"AT3G01930","SETI_WT.P-SETI_WT.mock",0.00995073608476608,-0.487681191500012,-1.20730822870153,"down-regulated"
"AT3G01980","SETI_WT.P-SETI_WT.E",1.00635908868238e-21,0.448225268158973,0.516647269725447,"up-regulated"
"AT3G01980","SETI_WT.P-SETI_WT.mock",2.79918898897872e-20,-0.532225103219031,0.0895988962102416,"up-regulated"
"AT3G01980","SETI_WT.PE-SETI_WT.E",1.33786961746612e-10,0.404072860621955,0.943553697835086,"up-regulated"
"AT3G01980","SETI_WT.PE-SETI_WT.mock",1.62607034632122e-08,-0.43129245205042,0.516505324319881,"up-regulated"
"AT3G02070","SETI_WT.P-SETI_WT.E",0.00983289124286794,-0.306546163277567,0.709371552122446,"up-regulated"
"AT3G07300","SETI_WT.P-SETI_WT.E",1.23457887533365e-06,0.282091521494499,0.0837379289204101,"up-regulated"
"AT3G07300","SETI_WT.P-SETI_WT.mock",1.42794494097476e-06,0.282091521494499,0.20791610050502,"up-regulated"
"AT3G07700","SETI_WT.E-SETI_WT.mock",0.000326128822412482,-0.285232806366206,1.58792035752766,"up-regulated"
"AT3G07980","SETI_WT.PE-SETI_WT.E",0.00596369541282065,-0.300572149742089,-0.304412555941319,"down-regulated"
"AT3G08800","SETI_WT.E-SETI_WT.mock",0.00661293073020408,-0.568634231097561,-0.224395622728539,"down-regulated"
"AT3G09410","SETI_WT.P-SETI_WT.mock",0.00672734792700445,0.490202426599716,-1.87433266294846,"down-regulated"
"AT3G09670","SETI_WT.PE-SETI_WT.mock",0.00477774205989207,-0.553094197379388,-0.161596609904089,"down-regulated"
"AT3G10060","SETI_WT.P-SETI_WT.mock",0.00694375211680987,-0.107397349713966,-1.06974350965012,"down-regulated"
"AT3G11280","SETI_WT.P-SETI_WT.mock",1.30999321713092e-05,0.350217404958076,-0.705688906830996,"down-regulated"
"AT3G11280","SETI_WT.PE-SETI_WT.mock",7.86138474801962e-05,-0.345472073669351,-1.01029693854244,"down-regulated"
"AT3G12520","SETI_WT.P-SETI_WT.mock",0.00853505998266187,-0.508415369445387,-1.9618285805394,"down-regulated"
"AT3G12915","SETI_WT.E-SETI_WT.mock",0.000430120428164528,-0.956281116486426,-1.18951563056838,"down-regulated"
"AT3G12915","SETI_WT.P-SETI_WT.mock",0.00106984544830602,1,-1.88718219675593,"down-regulated"
"AT3G13784","SETI_WT.P-SETI_WT.E",0.00633789304038858,-1,2.82789633748991,"up-regulated"
"AT3G13784","SETI_WT.P-SETI_WT.mock",0.00853505998266187,-1,3.9591978205314,"up-regulated"
"AT3G14590","SETI_WT.PE-SETI_WT.E",0.00196842241730713,0.904777626845045,0.287916229626397,"up-regulated"
"AT3G15160","SETI_WT.E-SETI_WT.mock",0.00620612470119134,-0.133190472854085,0.503967484983792,"up-regulated"
"AT3G15570","SETI_WT.P-SETI_WT.mock",0.00629348449014255,-0.987017520558649,-4.92673233529079,"down-regulated"
"AT3G16030","SETI_WT.PE-SETI_WT.E",1.46068133507775e-08,-0.808404509435305,-1.74282733751881,"down-regulated"
"AT3G16340","SETI_WT.E-SETI_WT.mock",0.00334646142315603,0.501085847346159,0.599891860409048,"up-regulated"
"AT3G16340","SETI_WT.P-SETI_WT.mock",0.000387585571159895,-0.501085847346159,1.6679334432437,"up-regulated"
"AT3G16340","SETI_WT.PE-SETI_WT.mock",0.00102410269362335,-0.501085847346159,1.43567640564423,"up-regulated"
"AT3G16420","SETI_WT.P-SETI_WT.E",0.00855258583395114,1,-1.74096668552896,"down-regulated"
"AT3G18500","SETI_WT.PE-SETI_WT.E",0.00532944661916434,-0.128792579114555,-0.593052818792771,"down-regulated"
"AT3G20120","SETI_WT.P-SETI_WT.E",0.00855258583395114,0.824381552850933,-1.17269511235716,"down-regulated"
"AT3G20320","SETI_WT.P-SETI_WT.E",0.00992984000974064,0.168665743298418,-0.83483329955452,"down-regulated"
"AT3G22150","SETI_WT.PE-SETI_WT.mock",0.00239324582000481,-0.290310379397401,-2.48810089618297,"down-regulated"
"AT3G22260","SETI_WT.E-SETI_WT.mock",0.0025204354948522,-0.168528225972905,1.91191588139665,"up-regulated"
"AT3G22260","SETI_WT.P-SETI_WT.mock",2.10206278805286e-05,0.204114628690202,3.26999619361242,"up-regulated"
"AT3G22260","SETI_WT.PE-SETI_WT.mock",0.000102191597566507,0.172296648822357,3.0373562641893,"up-regulated"
"AT3G25290","SETI_WT.E-SETI_WT.mock",0.000288895654652306,-0.941262930713701,-0.75046357831837,"down-regulated"
"AT3G25290","SETI_WT.PE-SETI_WT.E",0.00728991254831676,0.941262930713701,-0.158149508553505,"down-regulated"
"AT3G25840","SETI_WT.E-SETI_WT.mock",0.00997204959714847,-0.146759050544394,0.343707818597581,"up-regulated"
"AT3G25840","SETI_WT.PE-SETI_WT.mock",0.00102410269362335,-0.146759050544394,0.723973960998439,"up-regulated"
"AT3G27000","SETI_WT.PE-SETI_WT.E",0.00151556732254517,0.174682190756976,-0.000461182629629686,"down-regulated"
"AT3G27190","SETI_WT.PE-SETI_WT.E",0.000701628727822397,-0.56958028183186,1.14128549050874,"up-regulated"
"AT3G27190","SETI_WT.PE-SETI_WT.mock",7.26250592276993e-05,-0.624703862988604,1.12819004039354,"up-regulated"
"AT3G28660","SETI_WT.E-SETI_WT.mock",0.0088318445606984,0.774898376089272,0.359369697334174,"up-regulated"
"AT3G44150","SETI_WT.E-SETI_WT.mock",1.594236075853e-05,-0.511190102629096,1.46545254156219,"up-regulated"
"AT3G44150","SETI_WT.P-SETI_WT.mock",6.712061458098e-06,0.532984716931472,0.726070938059748,"up-regulated"
"AT3G44150","SETI_WT.PE-SETI_WT.mock",1.86836247170392e-05,-0.520857086437427,0.799300896476283,"up-regulated"
"AT3G44730","SETI_WT.PE-SETI_WT.E",0.00325132542014093,-0.868967158438776,-0.0423142872087969,"down-regulated"
"AT3G47390","SETI_WT.E-SETI_WT.mock",1.594236075853e-05,0.294922148965754,0.0865319693370723,"up-regulated"
"AT3G47390","SETI_WT.PE-SETI_WT.E",0.00239764545260963,-0.171218499596566,-0.360962361448924,"down-regulated"
"AT3G47940","SETI_WT.E-SETI_WT.mock",0.00285290267146634,0.184386092701547,0.392044086971324,"up-regulated"
"AT3G47940","SETI_WT.P-SETI_WT.mock",0.00472117993013666,0.173428081295742,0.527048109200263,"up-regulated"
"AT3G50430","SETI_WT.P-SETI_WT.mock",0.00629348449014255,0.498856328264477,-0.843115054940297,"down-regulated"
"AT3G51140","SETI_WT.E-SETI_WT.mock",0.0055512566019413,0.143125479443535,0.532344991651916,"up-regulated"
"AT3G51150","SETI_WT.PE-SETI_WT.mock",1.16406029570637e-05,-0.808685537365753,-1.16184175459604,"down-regulated"
"AT3G51470","SETI_WT.E-SETI_WT.mock",0.00270804800650216,-0.317778153237598,0.478553921226355,"up-regulated"
"AT3G52290","SETI_WT.PE-SETI_WT.mock",0.00771687683476663,-0.241733035042921,-1.12834218548557,"down-regulated"
"AT3G52340","SETI_WT.P-SETI_WT.mock",0.00856656162392378,-0.323703560894631,-1.08376845701408,"down-regulated"
"AT3G53720","SETI_WT.P-SETI_WT.mock",0.00773040019722022,-0.107381086617687,2.06876730042987,"up-regulated"
"AT3G53720","SETI_WT.PE-SETI_WT.mock",0.00801505687212719,-0.111527825527458,1.89079471846105,"up-regulated"
"AT3G53830","SETI_WT.PE-SETI_WT.E",0.00995123084745795,-0.243212201016911,-0.0549434936101347,"down-regulated"
"AT3G53830","SETI_WT.PE-SETI_WT.mock",0.0058054824509729,0.261830863590557,1.26352637501797,"up-regulated"
"AT3G54270","SETI_WT.PE-SETI_WT.E",0.00795976226395768,1,-1.42920435461771,"down-regulated"
"AT3G54270","SETI_WT.PE-SETI_WT.mock",0.00398371589162501,1,0.85427941368688,"up-regulated"
"AT3G54320","SETI_WT.P-SETI_WT.mock",0.00310156926410052,0.425642512135339,-1.92600482219509,"down-regulated"
"AT3G54320","SETI_WT.PE-SETI_WT.mock",0.00936084770855745,0.239549241446461,-1.85483555486205,"down-regulated"
"AT3G55600","SETI_WT.E-SETI_WT.mock",4.63211866105336e-05,0.519340643745126,0.734378407531626,"up-regulated"
"AT3G55600","SETI_WT.PE-SETI_WT.mock",0.0051115073841079,-0.33592906193154,0.328121001540709,"up-regulated"
"AT3G56080","SETI_WT.P-SETI_WT.mock",0.00223926412823521,-0.285003753905673,-5.19831099347887,"down-regulated"
"AT3G58490","SETI_WT.P-SETI_WT.E",0.000800649199586626,-0.141977056968904,-1.21139333167274,"down-regulated"
"AT3G59780","SETI_WT.P-SETI_WT.mock",5.2306542617201e-05,0.132090399306661,-1.43608271898077,"down-regulated"
"AT3G60330","SETI_WT.P-SETI_WT.E",0.000399280445712484,-0.5,2.55720290896054,"up-regulated"
"AT3G60330","SETI_WT.P-SETI_WT.mock",0.00405591442681995,0.226706171540995,3.06346286373071,"up-regulated"
"AT3G60330","SETI_WT.PE-SETI_WT.E",0.000422126510851879,-0.5,2.57659006619667,"up-regulated"
"AT3G60330","SETI_WT.PE-SETI_WT.mock",0.00453832397102295,0.226706171540995,3.08285002096684,"up-regulated"
"AT3G63400","SETI_WT.PE-SETI_WT.mock",0.00410548646979525,-0.288698920414658,0.888910595507725,"up-regulated"
"AT4G01500","SETI_WT.P-SETI_WT.mock",0.00609052331326448,-1,-3.25407212149985,"down-regulated"
"AT4G01500","SETI_WT.PE-SETI_WT.mock",0.00239324582000481,-1,-2.36762991664912,"down-regulated"
"AT4G02550","SETI_WT.E-SETI_WT.mock",2.75254463887503e-06,0.125119959459933,2.36794299206393,"up-regulated"
"AT4G02550","SETI_WT.P-SETI_WT.mock",1.51894670894697e-06,-0.145743135838806,1.85174921870667,"up-regulated"
"AT4G03480","SETI_WT.PE-SETI_WT.mock",0.00398371589162501,1,6.82202546117968,"up-regulated"
"AT4G05040","SETI_WT.P-SETI_WT.E",0.0077446719070411,-0.512324003573892,-1.27418585199753,"down-regulated"
"AT4G08180","SETI_WT.PE-SETI_WT.mock",0.00300639470542389,-0.403108553082094,1.81798905076043,"up-regulated"
"AT4G11470","SETI_WT.E-SETI_WT.mock",0.00210294584491377,0.983973274136353,3.59272294241577,"up-regulated"
"AT4G12720","SETI_WT.E-SETI_WT.mock",0.000147276575983033,0.279626543003988,4.05407300829571,"up-regulated"
"AT4G12720","SETI_WT.P-SETI_WT.mock",0.000126465568912122,0.226893716998384,3.04886032650775,"up-regulated"
"AT4G12720","SETI_WT.PE-SETI_WT.mock",9.08966339107769e-06,0.243070485170224,3.1487635971666,"up-regulated"
"AT4G12790","SETI_WT.P-SETI_WT.mock",0.0056377790077542,0.181037304932938,1.26868216993315,"up-regulated"
"AT4G12790","SETI_WT.PE-SETI_WT.mock",0.00410548646979525,0.276010781777186,1.27777376359636,"up-regulated"
"AT4G13030","SETI_WT.P-SETI_WT.mock",0.0011717292094846,-1,0.710190921696765,"up-regulated"
"AT4G13120","SETI_WT.PE-SETI_WT.mock",0.0091207095485321,0.771252304025389,-0.458570087551196,"down-regulated"
"AT4G14790","SETI_WT.PE-SETI_WT.mock",0.00336021342003826,0.543735670461317,0.203376537776421,"up-regulated"
"AT4G15765","SETI_WT.E-SETI_WT.mock",0.0055512566019413,-0.505160841608673,-1.95810019239764,"down-regulated"
"AT4G15765","SETI_WT.P-SETI_WT.mock",0.0056377790077542,-0.505160841608673,-2.244199517115,"down-regulated"
"AT4G16280","SETI_WT.E-SETI_WT.mock",0.00978689667759284,-0.17213677312055,0.950313191525493,"up-regulated"
"AT4G16280","SETI_WT.P-SETI_WT.mock",0.00235812767601901,-0.179714760113941,1.12107186341438,"up-regulated"
"AT4G16765","SETI_WT.PE-SETI_WT.E",0.00130771773683985,0.680762207983101,-0.0391006995160303,"down-regulated"
"AT4G16900","SETI_WT.P-SETI_WT.E",0.00896488170754965,-0.190607342565973,-0.27834308886487,"down-regulated"
"AT4G18740","SETI_WT.P-SETI_WT.E",0.0020995840324947,-0.27487400184059,-1.80183724229879,"down-regulated"
"AT4G18740","SETI_WT.P-SETI_WT.mock",0.000318727910601507,0.234184107035614,-2.07599812862268,"down-regulated"
"AT4G19070","SETI_WT.PE-SETI_WT.E",0.00239764545260963,-0.356570205250333,-0.888181695361083,"down-regulated"
"AT4G19520","SETI_WT.P-SETI_WT.E",0.00560892664979698,-0.119662238153436,-0.377911196687423,"down-regulated"
"AT4G21060","SETI_WT.PE-SETI_WT.E",0.00175682651632978,-0.520613737707209,-1.01162028218776,"down-regulated"
"AT4G21060","SETI_WT.PE-SETI_WT.mock",0.00129467922606323,-0.520613737707209,-0.760671251312873,"down-regulated"
"AT4G22200","SETI_WT.P-SETI_WT.mock",0.00700640081301426,1,-3.53189659184301,"down-regulated"
"AT4G23250","SETI_WT.P-SETI_WT.E",0.00189008030647789,0.429953901282264,-1.8687055662975,"down-regulated"
"AT4G23910","SETI_WT.P-SETI_WT.mock",2.66263594631461e-05,-0.289881133103502,0.645203957362697,"up-regulated"
"AT4G23910","SETI_WT.PE-SETI_WT.mock",0.00967763556105353,0.253085073683381,0.585101789803223,"up-regulated"
"AT4G24290","SETI_WT.P-SETI_WT.E",0.00345807233634345,-0.20361919794037,0.831634994226151,"up-regulated"
"AT4G24290","SETI_WT.P-SETI_WT.mock",0.0021023753375619,-0.258349520267179,2.02928422236901,"up-regulated"
"AT4G24290","SETI_WT.PE-SETI_WT.mock",0.00925641029031836,-0.262728914995134,1.82885788115776,"up-regulated"
"AT4G24670","SETI_WT.E-SETI_WT.mock",0.00997204959714847,0.570560940659858,-0.23176278076872,"down-regulated"
"AT4G24810","SETI_WT.P-SETI_WT.E",0.00896488170754965,0.584738194830855,-3.40419306020662,"down-regulated"
"AT4G24810","SETI_WT.P-SETI_WT.mock",0.00197770760173906,0.570032873980982,-4.38627700231208,"down-regulated"
"AT4G24970","SETI_WT.E-SETI_WT.mock",0.0064451685135326,0.105132069477096,0.184019821880749,"up-regulated"
"AT4G25080","SETI_WT.P-SETI_WT.mock",0.0045445885699664,-0.231353076654851,-2.70990147717408,"down-regulated"
"AT4G25080","SETI_WT.PE-SETI_WT.mock",0.00990415948632271,-0.10055992344688,-1.93795526954438,"down-regulated"
"AT4G26140","SETI_WT.P-SETI_WT.mock",0.00375106674945807,-0.642057201834451,1.86394480233111,"up-regulated"
"AT4G29730","SETI_WT.PE-SETI_WT.mock",0.00523473517942095,0.39632380275581,-1.34867481054246,"down-regulated"
"AT4G30850","SETI_WT.E-SETI_WT.mock",0.00285290267146634,-0.743505667141943,3.87831027397131,"up-regulated"
"AT4G31010","SETI_WT.E-SETI_WT.mock",0.00505726906424527,-0.180911643063927,-0.171534775546414,"down-regulated"
"AT4G31430","SETI_WT.E-SETI_WT.mock",0.000123539495514807,-0.132968177007051,0.284367988016249,"up-regulated"
"AT4G31430","SETI_WT.P-SETI_WT.mock",1.37515854705847e-05,-0.132968177007051,0.517019469552866,"up-regulated"
"AT4G31430","SETI_WT.PE-SETI_WT.mock",5.35223435067907e-05,0.140465485837615,0.339857896178835,"up-regulated"
"AT4G32060","SETI_WT.E-SETI_WT.mock",0.00131458390921016,0.250523916949199,0.565598785129727,"up-regulated"
"AT4G32350","SETI_WT.P-SETI_WT.mock",0.00932312264805338,0.223013525439425,-0.480466634482391,"down-regulated"
"AT4G33000","SETI_WT.E-SETI_WT.mock",0.00465838440334613,0.508889991213079,-1.22031258747307,"down-regulated"
"AT4G33100","SETI_WT.P-SETI_WT.E",0.000399280445712484,0.883442425122636,0.15030479095109,"up-regulated"
"AT4G33100","SETI_WT.PE-SETI_WT.E",0.000422126510851879,0.894097106111705,-0.00747731667764517,"down-regulated"
"AT4G33470","SETI_WT.P-SETI_WT.mock",3.00106257385183e-05,-0.179941137734255,-2.75143068527654,"down-regulated"
"AT4G34310","SETI_WT.PE-SETI_WT.E",0.00239764545260963,-0.166409172459219,0.148891622345305,"up-regulated"
"AT4G34540","SETI_WT.P-SETI_WT.mock",0.004692923769501,0.130201363790112,-0.874574888099537,"down-regulated"
"AT4G36940","SETI_WT.PE-SETI_WT.mock",0.00905369248781512,0.202504375147223,-0.629937324089035,"down-regulated"
"AT4G38160","SETI_WT.E-SETI_WT.mock",0.000193208648246718,0.357978847470507,-1.0120714643242,"down-regulated"
"AT4G38160","SETI_WT.P-SETI_WT.mock",0.0067026021075662,0.726350454405127,-3.6493847647353,"down-regulated"
"AT4G38240","SETI_WT.E-SETI_WT.mock",0.00569070329953798,0.214490726311436,-0.335758142765949,"down-regulated"
"AT4G38545","SETI_WT.P-SETI_WT.mock",0.0033364289021933,0.609134443256065,-0.202428908978614,"down-regulated"
"AT4G39270","SETI_WT.P-SETI_WT.mock",0.00160451617041235,-0.289544307161957,2.43149785592048,"up-regulated"
"AT5G01510","SETI_WT.PE-SETI_WT.mock",0.004058776693262,0.206155392386655,-1.27696531786368,"down-regulated"
"AT5G01810","SETI_WT.E-SETI_WT.mock",0.00169444291051408,0.118052221462641,-0.16440107167695,"down-regulated"
"AT5G01990","SETI_WT.PE-SETI_WT.E",0.00632322992017837,-0.2422559067208,-0.613865516866703,"down-regulated"
"AT5G01990","SETI_WT.PE-SETI_WT.mock",1.16406029570637e-05,-0.265728212754885,-0.352221539496421,"down-regulated"
"AT5G02290","SETI_WT.PE-SETI_WT.E",0.00175682651632978,0.156759800735001,-0.758908477728503,"down-regulated"
"AT5G02290","SETI_WT.PE-SETI_WT.mock",0.00161205846513758,-0.226797922249421,1.02940445779281,"up-regulated"
"AT5G03000","SETI_WT.PE-SETI_WT.mock",0.00840532491068145,1,5.35983868565813,"up-regulated"
"AT5G03320","SETI_WT.E-SETI_WT.mock",0.000385647153267516,-0.256545480629858,1.68705202398868,"up-regulated"
"AT5G03320","SETI_WT.P-SETI_WT.mock",5.2306542617201e-05,-0.271308629952396,2.2583168008071,"up-regulated"
"AT5G03320","SETI_WT.PE-SETI_WT.mock",0.000102191597566507,-0.273389162699983,2.14515030398677,"up-regulated"
"AT5G03700","SETI_WT.P-SETI_WT.mock",0.00375106674945807,0.245891199686289,4.44521140774239,"up-regulated"
"AT5G04020","SETI_WT.P-SETI_WT.mock",0.00310156926410052,-0.173269601690485,1.87465307812026,"up-regulated"
"AT5G04550","SETI_WT.E-SETI_WT.mock",3.40357197103847e-06,-0.304732720294365,1.5183637529502,"up-regulated"
"AT5G04550","SETI_WT.P-SETI_WT.mock",9.32904605437578e-05,-0.241257673182677,0.677588602261997,"up-regulated"
"AT5G04550","SETI_WT.PE-SETI_WT.mock",0.000562728902482112,-0.207025844109045,0.675325989162594,"up-regulated"
"AT5G05570","SETI_WT.E-SETI_WT.mock",0.00171111692099475,-0.158757944829826,0.565998724180207,"up-regulated"
"AT5G05630","SETI_WT.P-SETI_WT.mock",0.00454197872005679,1,-1.4770062923762,"down-regulated"
"AT5G05630","SETI_WT.PE-SETI_WT.mock",0.00383162838587689,1,-1.18168317659764,"down-regulated"
"AT5G07890","SETI_WT.P-SETI_WT.mock",0.00898790848111341,-0.244475232719241,-0.463640036150186,"down-regulated"
"AT5G12260","SETI_WT.P-SETI_WT.mock",0.0099051982572178,-0.185216142363893,-1.40993585728653,"down-regulated"
"AT5G13480","SETI_WT.P-SETI_WT.mock",0.00286219101039029,-0.282693278320014,-0.387167146909318,"down-regulated"
"AT5G13480","SETI_WT.PE-SETI_WT.mock",0.00519185005996171,-0.282693278320014,-0.332598033361525,"down-regulated"
"AT5G15440","SETI_WT.P-SETI_WT.E",0.0077446719070411,0.193908001738833,0.316369033466532,"up-regulated"
"AT5G15790","SETI_WT.E-SETI_WT.mock",1.594236075853e-05,-0.691421867647634,1.83068177590266,"up-regulated"
"AT5G16505","SETI_WT.P-SETI_WT.mock",0.00428020586466064,0.179228077339973,0.00798416113697975,"up-regulated"
"AT5G16505","SETI_WT.PE-SETI_WT.mock",0.00990415948632271,-0.14893006071154,-0.0287115073349016,"down-regulated"
"AT5G17440","SETI_WT.P-SETI_WT.mock",0.00286219101039029,0.269170672604629,0.236604029492348,"up-regulated"
"AT5G17680","SETI_WT.P-SETI_WT.mock",0.004692923769501,-0.953573292786619,4.41620983664575,"up-regulated"
"AT5G18260","SETI_WT.P-SETI_WT.mock",0.000162922717531313,-0.756363101776921,-2.00368435111229,"down-regulated"
"AT5G18500","SETI_WT.P-SETI_WT.E",0.00634501852859651,0.344671842612035,0.176472311505067,"up-regulated"
"AT5G18780","SETI_WT.E-SETI_WT.mock",0.00667155912574178,0.16646351681733,1.08560201662584,"up-regulated"
"AT5G19670","SETI_WT.E-SETI_WT.mock",0.000317578774111482,0.875739555222086,-0.621663266336172,"down-regulated"
"AT5G23450","SETI_WT.PE-SETI_WT.E",0.00367640751146079,-0.163839842588151,0.183436617982233,"up-regulated"
"AT5G23720","SETI_WT.P-SETI_WT.E",0.00855258583395114,0.46320853629807,0.363978978242519,"up-regulated"
"AT5G25560","SETI_WT.P-SETI_WT.E",0.00298917645518551,0.174626973180984,0.11286586579246,"up-regulated"
"AT5G26760","SETI_WT.E-SETI_WT.mock",0.00774149025388636,-0.203413588975087,-0.0546027333580383,"down-regulated"
"AT5G27620","SETI_WT.P-SETI_WT.E",0.0077446719070411,-0.115152550622527,0.271783507245809,"up-regulated"
"AT5G27620","SETI_WT.P-SETI_WT.mock",0.00629348449014255,0.109335665177569,0.664176104599788,"up-regulated"
"AT5G28646","SETI_WT.P-SETI_WT.mock",0.00967539839506684,-0.876500215680191,3.70703270527464,"up-regulated"
"AT5G35170","SETI_WT.P-SETI_WT.mock",0.000175890567795729,0.187185367203997,-1.20360657852337,"down-regulated"
"AT5G37020","SETI_WT.PE-SETI_WT.mock",0.00731976298347989,-0.217762656177297,-2.004441255718,"down-regulated"
"AT5G38895","SETI_WT.E-SETI_WT.mock",2.51543889557149e-06,0.381226437849025,2.58680742518066,"up-regulated"
"AT5G44010","SETI_WT.PE-SETI_WT.E",0.00196842241730713,0.784676377943253,-1.28799342225057,"down-regulated"
"AT5G45500","SETI_WT.E-SETI_WT.mock",0.00169444291051408,0.129231347778771,0.948081142060425,"up-regulated"
"AT5G45720","SETI_WT.PE-SETI_WT.mock",0.00505557786343639,-0.917365470830099,-2.23122041787662,"down-regulated"
"AT5G47380","SETI_WT.P-SETI_WT.E",0.00621279515504669,0.902915768057992,-3.18314094067867,"down-regulated"
"AT5G47430","SETI_WT.PE-SETI_WT.mock",2.85281167804375e-06,-0.13223299875209,0.57534173437671,"up-regulated"
"AT5G48620","SETI_WT.E-SETI_WT.mock",0.000264556210027587,0.42185509251799,0.385266472761477,"up-regulated"
"AT5G50550","SETI_WT.PE-SETI_WT.mock",0.00946984528024423,0.240649880496108,-0.110049274505136,"down-regulated"
"AT5G52100","SETI_WT.E-SETI_WT.mock",0.00889197819588933,0.214297265846658,-0.685542195638385,"down-regulated"
"AT5G54440","SETI_WT.PE-SETI_WT.E",0.00323728678270939,-0.14417545819947,-0.315944600019869,"down-regulated"
"AT5G56160","SETI_WT.P-SETI_WT.mock",0.00635729637968837,0.601373108964051,-0.103105814593416,"down-regulated"
"AT5G57565","SETI_WT.E-SETI_WT.mock",0.0055512566019413,-0.553872788107147,-0.25885670856419,"down-regulated"
"AT5G57565","SETI_WT.P-SETI_WT.mock",0.00286219101039029,0.83484432752058,-0.800111701399617,"down-regulated"
"AT5G57565","SETI_WT.PE-SETI_WT.E",0.00498564009429547,-0.550712140982297,-0.599581953040659,"down-regulated"
"AT5G57780","SETI_WT.PE-SETI_WT.mock",0.00661760742724806,1,-2.53760829571336,"down-regulated"
"AT5G58340","SETI_WT.PE-SETI_WT.mock",0.00531244640593253,-0.554635356288935,-0.707926263048203,"down-regulated"
"AT5G59670","SETI_WT.P-SETI_WT.mock",0.00286219101039029,0.628778649234904,-4.15147206343224,"down-regulated"
"AT5G60980","SETI_WT.P-SETI_WT.E",0.00275461300506172,0.18017024524662,-0.947281720843254,"down-regulated"
"AT5G60980","SETI_WT.P-SETI_WT.mock",0.00629348449014255,0.192558812833526,-1.01450825703671,"down-regulated"
"AT5G61300","SETI_WT.P-SETI_WT.mock",0.00159661845319885,-0.887858173773488,-1.97375668334639,"down-regulated"
"AT5G63370","SETI_WT.P-SETI_WT.mock",0.000737078115900514,-0.164708525830864,0.955173284978201,"up-regulated"
"AT5G63370","SETI_WT.PE-SETI_WT.mock",0.00519185005996171,-0.168692776289374,0.912633167493566,"up-regulated"
"AT5G66210","SETI_WT.E-SETI_WT.mock",0.0055512566019413,-0.558943537817594,3.12955416345293,"up-regulated"
"AT5G66210","SETI_WT.P-SETI_WT.mock",0.00853505998266187,-0.459292678897363,2.40038693879859,"up-regulated"
