"target","contrast","adj.pval","deltaPS","log2FC","up.down"
"AT1G01550_P1","SETI_WT.E-SETI_WT.mock",0.00139046643300564,-0.370152714297052,0.206758184999025,"up-regulated"
"AT1G01550_P1","SETI_WT.P-SETI_WT.mock",0.00180753970172198,-0.341732133792392,0.57536766655887,"up-regulated"
"AT1G01550_P1","SETI_WT.PE-SETI_WT.mock",0.00269307237677787,-0.366313083863557,0.386141470794735,"up-regulated"
"AT1G01550_P2","SETI_WT.E-SETI_WT.mock",0.000259171489807198,0.373817463313279,2.68213946749476,"up-regulated"
"AT1G01550_P2","SETI_WT.P-SETI_WT.mock",0.000629261266110443,0.343381610602394,2.90901555398315,"up-regulated"
"AT1G01550_P2","SETI_WT.PE-SETI_WT.mock",0.00112851439201081,0.364201058388619,2.70095568227579,"up-regulated"
"AT1G02350_c5","SETI_WT.P-SETI_WT.mock",0.00261736213233534,-0.804391706060032,-7.75929298648403,"down-regulated"
"AT1G03100_P1","SETI_WT.PE-SETI_WT.E",0.00652768447072941,0.718075105365536,3.09163167505832,"up-regulated"
"AT1G03100_s1","SETI_WT.PE-SETI_WT.E",0.00652768447072941,-0.718075105365536,-5.52306096971277,"down-regulated"
"AT1G03830_P2","SETI_WT.E-SETI_WT.mock",0.00367581686451206,-0.902057970130276,-5.53937810941946,"down-regulated"
"AT1G04080_P1","SETI_WT.P-SETI_WT.mock",0.00499919871886188,0.242307013377873,0.88677742565017,"up-regulated"
"AT1G05320.2","SETI_WT.P-SETI_WT.mock",0.00664173060592247,-0.259135299591241,-5.77519852228008,"down-regulated"
"AT1G05710_P3","SETI_WT.PE-SETI_WT.mock",0.00281205031271338,-0.383745882194993,-5.39422526382391,"down-regulated"
"AT1G06710_JS4","SETI_WT.E-SETI_WT.mock",0.00136496710602099,-0.449764956374118,-5.7760216001311,"down-regulated"
"AT1G06820_P1","SETI_WT.PE-SETI_WT.mock",0.00269307237677787,0.277905614146915,0.0235398428423745,"up-regulated"
"AT1G08630_P7","SETI_WT.PE-SETI_WT.mock",0.0086580722046606,-1,-0.90822907529407,"down-regulated"
"AT1G08630.2","SETI_WT.PE-SETI_WT.mock",0.0086580722046606,1,6.69415015954923,"up-regulated"
"AT1G08970.3","SETI_WT.P-SETI_WT.mock",8.84489455335526e-05,0.113070681755416,6.75426734195851,"up-regulated"
"AT1G11130_c1","SETI_WT.P-SETI_WT.E",0.00395444506881392,1,3.2483765172962,"up-regulated"
"AT1G11130_c1","SETI_WT.P-SETI_WT.mock",0.000733696447296161,1,3.34835239408244,"up-regulated"
"AT1G11130_P1","SETI_WT.P-SETI_WT.E",0.00395444506881392,-1,-6.42038211501644,"down-regulated"
"AT1G11130_P1","SETI_WT.P-SETI_WT.mock",0.000733696447296161,-1,-6.87250056759034,"down-regulated"
"AT1G12440_P1","SETI_WT.P-SETI_WT.mock",3.75085341983083e-05,-0.440270706015846,-0.752469453666908,"down-regulated"
"AT1G12440_P1","SETI_WT.PE-SETI_WT.mock",0.00269307237677787,-0.363545496873694,-0.578572146732112,"down-regulated"
"AT1G12440_P3","SETI_WT.P-SETI_WT.mock",6.12674325752504e-06,0.46207345418241,2.52528160090587,"up-regulated"
"AT1G12440_P3","SETI_WT.PE-SETI_WT.mock",0.000296909549168561,0.385462325604003,2.05152786512543,"up-regulated"
"AT1G14270_P1","SETI_WT.E-SETI_WT.mock",0.000205292697748355,0.219290345867576,0.343753594589758,"up-regulated"
"AT1G14270_P1","SETI_WT.P-SETI_WT.mock",0.00154072140770383,0.267973720123968,-0.690200353791768,"down-regulated"
"AT1G14650_JS9","SETI_WT.P-SETI_WT.E",0.00863752941200895,0.499280106572663,3.49896888498215,"up-regulated"
"AT1G14650_JS9","SETI_WT.P-SETI_WT.mock",0.00167126060757669,0.447934483026424,3.2780788260923,"up-regulated"
"AT1G14650_P1","SETI_WT.P-SETI_WT.E",0.00644807021182808,-0.549279806366641,-0.93590925996774,"down-regulated"
"AT1G14700_P1","SETI_WT.P-SETI_WT.E",0.00110315628961986,-0.959859516997843,-6.37365559796451,"down-regulated"
"AT1G15410_P2","SETI_WT.PE-SETI_WT.mock",0.00294522092205769,-0.947786459771828,-7.51563336557004,"down-regulated"
"AT1G16090_JC1","SETI_WT.P-SETI_WT.mock",0.00417024185878138,-0.258244464318895,-1.51931219415218,"down-regulated"
"AT1G16090_JC1","SETI_WT.PE-SETI_WT.mock",0.00615419770979324,-0.258244464318895,-1.59129781483724,"down-regulated"
"AT1G16090.1","SETI_WT.P-SETI_WT.mock",0.00417024185878138,0.258244464318895,6.98253891389558,"up-regulated"
"AT1G16090.1","SETI_WT.PE-SETI_WT.mock",0.00615419770979324,0.258244464318895,6.73178612128763,"up-regulated"
"AT1G17090_P2","SETI_WT.E-SETI_WT.mock",0.00389856708583948,-0.826824901615598,-5.43080016211465,"down-regulated"
"AT1G17090_P3","SETI_WT.E-SETI_WT.mock",0.00454796493009105,0.81080163662238,4.76895620151603,"up-regulated"
"AT1G17090_P3","SETI_WT.P-SETI_WT.mock",0.00998569669633165,1,3.66823633750368,"up-regulated"
"AT1G17350_c2","SETI_WT.P-SETI_WT.mock",0.00651954149904041,0.75600418306308,4.43117387361554,"up-regulated"
"AT1G20380_P1","SETI_WT.P-SETI_WT.mock",0.00318873075075765,-0.615442503946041,-5.48469089567483,"down-regulated"
"AT1G26090_c2","SETI_WT.E-SETI_WT.mock",0.000101245286082666,-0.240875404685519,-5.76449807093844,"down-regulated"
"AT1G27180_P2","SETI_WT.PE-SETI_WT.E",0.00128688371761845,0.588433331490772,7.22120903445853,"up-regulated"
"AT1G27180_P2","SETI_WT.PE-SETI_WT.mock",0.00280768575528646,0.588433331490772,7.32118491124476,"up-regulated"
"AT1G27180.1","SETI_WT.PE-SETI_WT.mock",0.0029618612796024,-0.613225869504027,-5.39659158802835,"down-regulated"
"AT1G27520_ID5","SETI_WT.PE-SETI_WT.mock",0.00347795839786446,0.31772546392692,6.76286461166703,"up-regulated"
"AT1G27700_s1","SETI_WT.P-SETI_WT.E",0.000868686735492803,-0.102895123256591,-4.83289736022772,"down-regulated"
"AT1G27700.1","SETI_WT.P-SETI_WT.E",0.000868686735492803,0.102895123256591,0.571550877755951,"up-regulated"
"AT1G29120_JC5","SETI_WT.PE-SETI_WT.mock",0.00612923246222149,-0.169831461266985,-5.50043535800462,"down-regulated"
"AT1G30520_P1","SETI_WT.P-SETI_WT.E",0.00396313742331343,-0.924552235685445,-6.00363841112612,"down-regulated"
"AT1G30520_P1","SETI_WT.P-SETI_WT.mock",0.00666307619908679,-0.75646932069401,-6.97044710542523,"down-regulated"
"AT1G32190_P1","SETI_WT.P-SETI_WT.mock",0.00537307727469655,-1,-5.69535725033881,"down-regulated"
"AT1G32190.2","SETI_WT.P-SETI_WT.mock",0.00537307727469655,1,2.44480454150129,"up-regulated"
"AT1G49032_P1","SETI_WT.P-SETI_WT.E",0.00312513941153975,-0.14805082248147,1.08843118624246,"up-regulated"
"AT1G49032_P1","SETI_WT.P-SETI_WT.mock",0.00106956945566237,-0.14805082248147,1.06182691536946,"up-regulated"
"AT1G49032_P2","SETI_WT.P-SETI_WT.E",0.00312513941153975,0.14805082248147,6.6657354675239,"up-regulated"
"AT1G49032_P2","SETI_WT.P-SETI_WT.mock",0.00106956945566237,0.14805082248147,6.76571134431014,"up-regulated"
"AT1G49630.3","SETI_WT.P-SETI_WT.E",0.000356405618715672,1,5.6376775391223,"up-regulated"
"AT1G49630.3","SETI_WT.P-SETI_WT.mock",1.74152578509705e-05,1,5.73765341590854,"up-regulated"
"AT1G50140_s5","SETI_WT.P-SETI_WT.mock",0.00269930866528758,-0.289304821388789,-5.73102915258444,"down-regulated"
"AT1G51645_s1","SETI_WT.E-SETI_WT.mock",0.00792500962110624,0.289777734520251,4.87078750731126,"up-regulated"
"AT1G51645_s1","SETI_WT.P-SETI_WT.mock",0.000226039992148386,0.40235934074707,5.52494103527896,"up-regulated"
"AT1G51645_s1","SETI_WT.PE-SETI_WT.mock",0.000769744516999567,0.363383574948246,5.26070137858481,"up-regulated"
"AT1G51645.1","SETI_WT.E-SETI_WT.mock",0.00792500962110624,-0.289777734520251,0.293300274387917,"up-regulated"
"AT1G51645.1","SETI_WT.P-SETI_WT.mock",0.000226039992148386,-0.40235934074707,-0.185886822675526,"down-regulated"
"AT1G51645.1","SETI_WT.PE-SETI_WT.mock",0.000769744516999567,-0.363383574948245,-0.238138438670291,"down-regulated"
"AT1G52500_P1","SETI_WT.E-SETI_WT.mock",0.00291027307765715,-0.133763183715728,-5.08930062227687,"down-regulated"
"AT1G53165_P1","SETI_WT.P-SETI_WT.mock",0.00664173060592247,-0.288539639581621,0.971030885987098,"up-regulated"
"AT1G54380_c2","SETI_WT.PE-SETI_WT.mock",0.00269307237677787,-0.125252759754177,-4.50935332979041,"down-regulated"
"AT1G56145_ID2","SETI_WT.P-SETI_WT.mock",8.84489455335526e-05,0.414698521350684,8.71463184125535,"up-regulated"
"AT1G56145_ID2","SETI_WT.PE-SETI_WT.mock",0.00137817841888129,0.384295460357668,8.25213880944575,"up-regulated"
"AT1G56145_P1","SETI_WT.P-SETI_WT.E",0.0043458013771849,-0.583300888402143,-2.98160396055422,"down-regulated"
"AT1G56145_P1","SETI_WT.P-SETI_WT.mock",9.20624419890301e-05,-0.709660739007511,-2.18617655161347,"down-regulated"
"AT1G56145_P1","SETI_WT.PE-SETI_WT.E",0.00652768447072941,-0.610306787418997,-2.65443939140778,"down-regulated"
"AT1G56145_P1","SETI_WT.PE-SETI_WT.mock",0.000118353634137851,-0.736666638024365,-1.85901198246703,"down-regulated"
"AT1G58590_ID5","SETI_WT.E-SETI_WT.mock",2.18591375333224e-05,0.163137213284455,6.02098846681131,"up-regulated"
"AT1G58590_ID5","SETI_WT.PE-SETI_WT.mock",4.54482940386026e-05,0.17901211057345,6.03283328947219,"up-regulated"
"AT1G61430_P9","SETI_WT.P-SETI_WT.mock",0.000338679873056819,-0.330936651462339,-6.00532868025878,"down-regulated"
"AT1G63020_P1","SETI_WT.E-SETI_WT.mock",0.0019606643403976,-1,-6.09104580671398,"down-regulated"
"AT1G63020_P1","SETI_WT.P-SETI_WT.E",0.0010186279079019,1,6.80394413526699,"up-regulated"
"AT1G63020_P1","SETI_WT.PE-SETI_WT.E",0.00112010781069384,1,6.85273377509805,"up-regulated"
"AT1G63020.2","SETI_WT.E-SETI_WT.mock",0.00203298816074318,1,6.16702638009634,"up-regulated"
"AT1G63020.2","SETI_WT.P-SETI_WT.E",0.00149457181616241,-1,-5.95983570951844,"down-regulated"
"AT1G63020.2","SETI_WT.PE-SETI_WT.E",0.00140862387288659,-1,-6.0318213302035,"down-regulated"
"AT1G63830_ID4","SETI_WT.E-SETI_WT.mock",3.27530024914591e-07,0.456829365296652,3.82665808545203,"up-regulated"
"AT1G63830_ID4","SETI_WT.P-SETI_WT.mock",0.000723255307340235,0.311459784133784,3.56196991804275,"up-regulated"
"AT1G63830_ID4","SETI_WT.PE-SETI_WT.mock",0.000427911135403858,0.35094118154568,3.43954418660601,"up-regulated"
"AT1G63830_P1","SETI_WT.E-SETI_WT.mock",3.06773369540682e-10,-0.48187191258624,0.388910782625764,"up-regulated"
"AT1G63830_P1","SETI_WT.P-SETI_WT.mock",0.00127515674458944,-0.308925110994332,1.38789890636032,"up-regulated"
"AT1G63830_P1","SETI_WT.PE-SETI_WT.mock",0.000296909549168561,-0.351580344287056,1.08455839575392,"up-regulated"
"AT1G64150_P1","SETI_WT.P-SETI_WT.mock",0.00662713945928997,0.100269022115861,-0.675310955303178,"down-regulated"
"AT1G64760_P2","SETI_WT.P-SETI_WT.mock",0.00397441374836048,0.548812879322814,3.64546541340669,"up-regulated"
"AT1G65950_s5","SETI_WT.E-SETI_WT.mock",0.00244109538195351,0.303473444650395,5.83362521552548,"up-regulated"
"AT1G66260_P1","SETI_WT.E-SETI_WT.mock",0.000102573875845569,0.15196620960794,5.01602283524839,"up-regulated"
"AT1G66460_JC23","SETI_WT.PE-SETI_WT.E",0.0013908015788684,-1,-8.24060852181352,"down-regulated"
"AT1G66460_JS1","SETI_WT.PE-SETI_WT.E",0.0011682595746725,1,8.81383857446889,"up-regulated"
"AT1G67500_P5","SETI_WT.E-SETI_WT.mock",0.000245653514434088,-0.759836190106549,-7.37091884942513,"down-regulated"
"AT1G67500_P5","SETI_WT.P-SETI_WT.E",0.000320379770493542,0.936609790309906,7.34500403545988,"up-regulated"
"AT1G67500_P5","SETI_WT.PE-SETI_WT.E",0.00161761562145295,0.798507967660388,6.75971849989552,"up-regulated"
"AT1G67560_JS1","SETI_WT.P-SETI_WT.mock",0.00499919871886188,0.147517017113348,4.57525581469843,"up-regulated"
"AT1G68920_s2","SETI_WT.P-SETI_WT.mock",0.00174803918419004,0.510885012490048,4.77969183861973,"up-regulated"
"AT1G69420_P2","SETI_WT.E-SETI_WT.mock",0.00139046643300564,0.228949638956495,6.08537347799869,"up-regulated"
"AT1G69420_P2","SETI_WT.P-SETI_WT.mock",0.00010417924574481,0.612881272698975,5.91677511431378,"up-regulated"
"AT1G70100_ID17","SETI_WT.PE-SETI_WT.mock",0.00408547240708376,0.107570298185989,4.16316663856663,"up-regulated"
"AT1G70410_P2","SETI_WT.P-SETI_WT.E",0.00863752941200895,-0.131178501977608,0.279389507722234,"up-regulated"
"AT1G70410_P2","SETI_WT.P-SETI_WT.mock",0.00649747477354696,-0.121813607980553,0.361671822515464,"up-regulated"
"AT1G70410_s2","SETI_WT.P-SETI_WT.E",0.00486857448156228,0.131657028081134,1.49609704492719,"up-regulated"
"AT1G70410_s2","SETI_WT.P-SETI_WT.mock",0.00419847739884562,0.122505385333844,1.52883880805493,"up-regulated"
"AT1G72250_P3","SETI_WT.PE-SETI_WT.E",0.00171820595225309,1,6.08771217446097,"up-regulated"
"AT1G72250_P3","SETI_WT.PE-SETI_WT.mock",0.000296909549168561,1,6.1876880512472,"up-regulated"
"AT2G01480_JS2","SETI_WT.PE-SETI_WT.mock",0.00690206562246989,-0.191713971102956,-5.28385396895535,"down-regulated"
"AT2G01830_JC14","SETI_WT.E-SETI_WT.mock",0.000102573875845569,-0.766267220551299,-7.72316498015595,"down-regulated"
"AT2G01830_JC14","SETI_WT.PE-SETI_WT.mock",0.0058405316329231,-0.766267220551299,-7.68793580704934,"down-regulated"
"AT2G01830_JS7","SETI_WT.E-SETI_WT.mock",0.00206628447565429,0.748896048718999,3.03479149387252,"up-regulated"
"AT2G01860_s1","SETI_WT.P-SETI_WT.mock",0.00180753970172198,0.348108986617705,3.29342514516139,"up-regulated"
"AT2G01860.1","SETI_WT.P-SETI_WT.mock",0.00180753970172198,-0.348108986617705,-3.3467000144319,"down-regulated"
"AT2G02080_P4","SETI_WT.P-SETI_WT.mock",0.00157263930422368,-0.178174008256641,-6.90180771670786,"down-regulated"
"AT2G04378_c1","SETI_WT.P-SETI_WT.mock",0.000378526830592933,-0.21315479160432,-5.32798955257102,"down-regulated"
"AT2G04430_P2","SETI_WT.E-SETI_WT.mock",0.000593983886975096,-0.64733394743599,0.499359613460077,"up-regulated"
"AT2G04430_P2","SETI_WT.PE-SETI_WT.mock",0.00086929415818764,-0.620446774253867,0.292878714992033,"up-regulated"
"AT2G13800_P3","SETI_WT.P-SETI_WT.mock",1.74152578509705e-05,-0.506343658072331,-5.49076174770322,"down-regulated"
"AT2G16380_c1","SETI_WT.P-SETI_WT.mock",0.0060311927661754,0.1642137794429,5.70174751314154,"up-regulated"
"AT2G16380_c1","SETI_WT.PE-SETI_WT.mock",0.00237347818348825,0.192341066703412,5.94451639927386,"up-regulated"
"AT2G16990_P2","SETI_WT.P-SETI_WT.E",0.000897635097133619,-0.808865838926181,-6.48505189703311,"down-regulated"
"AT2G17340_c2","SETI_WT.P-SETI_WT.mock",0.00542744723530594,0.160972991315426,0.853226548891708,"up-regulated"
"AT2G20000_JS3","SETI_WT.PE-SETI_WT.E",0.000644565873415649,0.236319135320694,6.21052212493703,"up-regulated"
"AT2G20000_P1","SETI_WT.PE-SETI_WT.mock",0.00946461076549128,-0.313935650594009,-0.967575986015048,"down-regulated"
"AT2G20950_ID40","SETI_WT.P-SETI_WT.mock",0.00442254581513022,0.218264433648551,6.30012088027728,"up-regulated"
"AT2G20950_ID40","SETI_WT.PE-SETI_WT.mock",0.00835481050430736,0.199962240729953,6.37982712938743,"up-regulated"
"AT2G21540_P3","SETI_WT.PE-SETI_WT.E",0.00128688371761845,0.145881161352043,6.87027214930832,"up-regulated"
"AT2G22300_P2","SETI_WT.E-SETI_WT.mock",0.00291027307765715,-0.310564583074286,-1.93200202887259,"down-regulated"
"AT2G22980_P1","SETI_WT.PE-SETI_WT.mock",0.00261341442971598,-0.224609459819215,-6.43477117831707,"down-regulated"
"AT2G25470_P2","SETI_WT.P-SETI_WT.mock",0.00181965490322486,-0.960172240305025,-1.40585481208858,"down-regulated"
"AT2G25470_P3","SETI_WT.P-SETI_WT.mock",0.00181965490322486,0.960172240305025,7.59861618922634,"up-regulated"
"AT2G25590_ID50","SETI_WT.E-SETI_WT.mock",0.000593983886975096,-0.430391761526462,-6.13557430808137,"down-regulated"
"AT2G25590_ID50","SETI_WT.P-SETI_WT.mock",0.00180753970172198,-0.430391761526462,-6.02835951428971,"down-regulated"
"AT2G25590_ID50","SETI_WT.PE-SETI_WT.E",0.00128688371761845,0.615245526328085,5.35781757090881,"up-regulated"
"AT2G26980_P4","SETI_WT.E-SETI_WT.mock",0.000205292697748355,0.173033127026199,7.1646074355434,"up-regulated"
"AT2G26980_P4","SETI_WT.P-SETI_WT.mock",6.74646711112052e-05,0.178585679667173,7.1209169393727,"up-regulated"
"AT2G28260_P1","SETI_WT.P-SETI_WT.E",0.00750186695501459,0.587155929541968,4.4268159210264,"up-regulated"
"AT2G31530_ID5","SETI_WT.PE-SETI_WT.mock",0.00237347818348825,-0.220277647240617,-5.48535055503588,"down-regulated"
"AT2G31800_P1","SETI_WT.PE-SETI_WT.mock",0.00869684148625506,-0.146594549023736,0.721747019928591,"up-regulated"
"AT2G32530_JS2","SETI_WT.PE-SETI_WT.mock",0.0086580722046606,0.114731003424718,1.01867089143542,"up-regulated"
"AT2G33620_ID7","SETI_WT.P-SETI_WT.mock",0.00442254581513022,0.202228358504289,-0.0298272859181106,"down-regulated"
"AT2G33620_P3","SETI_WT.P-SETI_WT.mock",0.00261736213233534,-0.132790824693641,-5.34869027032869,"down-regulated"
"AT2G36120_s13","SETI_WT.P-SETI_WT.E",0.000404234581324104,-0.676794815660117,-7.0202730914392,"down-regulated"
"AT2G36120_s13","SETI_WT.P-SETI_WT.mock",0.00139476192597076,-0.508400647172039,-6.49329588938782,"down-regulated"
"AT2G38185_P1","SETI_WT.P-SETI_WT.mock",0.000572028388274927,-0.699971997453505,-3.30236814988977,"down-regulated"
"AT2G38185_P1","SETI_WT.PE-SETI_WT.mock",0.00606655434366075,-0.587610849949995,-1.97128579597793,"down-regulated"
"AT2G38185_P2","SETI_WT.P-SETI_WT.mock",0.000572028388274927,0.699971997453506,3.62134660383944,"up-regulated"
"AT2G38185_P2","SETI_WT.PE-SETI_WT.mock",0.00606655434366075,0.587610849949995,3.47650287727586,"up-regulated"
"AT2G39380_s1","SETI_WT.P-SETI_WT.mock",0.000159421029290639,-1,-1.30630897918207,"down-regulated"
"AT2G39380_s1","SETI_WT.PE-SETI_WT.mock",0.000427911135403858,-1,-1.37829459986713,"down-regulated"
"AT2G39380.1","SETI_WT.P-SETI_WT.E",0.00157194448682636,1,12.7213523229692,"up-regulated"
"AT2G39380.1","SETI_WT.P-SETI_WT.mock",0.000159421029290639,1,12.8213281997554,"up-regulated"
"AT2G39380.1","SETI_WT.PE-SETI_WT.E",0.00290894981886625,1,12.2141232474723,"up-regulated"
"AT2G39380.1","SETI_WT.PE-SETI_WT.mock",0.000427911135403858,1,12.3140991242585,"up-regulated"
"AT2G40860_c1","SETI_WT.E-SETI_WT.mock",0.00432066894014473,-0.4194595752162,-6.36851800580417,"down-regulated"
"AT2G40860_c1","SETI_WT.P-SETI_WT.mock",0.00812307153567676,-0.4194595752162,-6.26130321201251,"down-regulated"
"AT2G41440_P1","SETI_WT.PE-SETI_WT.mock",0.00280768575528646,0.577045659878777,8.04847376395151,"up-regulated"
"AT2G41440_s1","SETI_WT.PE-SETI_WT.mock",0.0080213938164864,-0.646475161274424,-0.853905107015139,"down-regulated"
"AT2G41880_P1","SETI_WT.E-SETI_WT.mock",0.00406138382858427,-0.301858569669466,1.68709589457418,"up-regulated"
"AT2G43320_c2","SETI_WT.E-SETI_WT.mock",0.000111796737008993,0.327541284627112,9.86263121286862,"up-regulated"
"AT2G43320_c2","SETI_WT.P-SETI_WT.E",7.52601433591272e-08,-0.327541284627112,-9.65544054229072,"down-regulated"
"AT2G43320_c2","SETI_WT.PE-SETI_WT.E",0.00290894981886625,-0.280228265194085,-4.40133780618874,"down-regulated"
"AT2G43320_P1","SETI_WT.E-SETI_WT.mock",4.18654349993305e-05,-0.397048801844448,1.87084247560447,"up-regulated"
"AT2G43320_P1","SETI_WT.P-SETI_WT.E",0.00108242322521856,0.381400487137101,0.610728140807979,"up-regulated"
"AT2G45770_s1","SETI_WT.P-SETI_WT.E",0.0016965117895792,-0.121034992278816,-7.04817230304087,"down-regulated"
"AT2G46080_JC1","SETI_WT.E-SETI_WT.mock",0.000356825358266339,0.223253387378641,4.82718236095467,"up-regulated"
"AT2G46080_JC1","SETI_WT.PE-SETI_WT.mock",0.00869684148625506,0.132837966665853,3.59298894548716,"up-regulated"
"AT2G46080_P1","SETI_WT.E-SETI_WT.mock",0.000356825358266339,-0.223253387378641,0.413197699625056,"up-regulated"
"AT2G46080_P1","SETI_WT.PE-SETI_WT.mock",0.00869684148625506,-0.132837966665853,0.0128698241100231,"up-regulated"
"AT2G47760_P1","SETI_WT.P-SETI_WT.E",5.83393484152694e-05,-0.583196417749824,-7.7054725367327,"down-regulated"
"AT2G47760_P1","SETI_WT.P-SETI_WT.mock",1.78157754307202e-05,-0.635404743917758,-7.8415509062861,"down-regulated"
"AT2G47760_P4","SETI_WT.P-SETI_WT.mock",0.00463915258124096,0.408332557908403,4.77202027382857,"up-regulated"
"AT3G01930_P2","SETI_WT.P-SETI_WT.E",0.00672919477953153,-0.474817792878797,-3.72629130600208,"down-regulated"
"AT3G01930_P2","SETI_WT.P-SETI_WT.mock",0.00631701865834743,-0.487681191500012,-4.45219245419755,"down-regulated"
"AT3G01980_ID4","SETI_WT.P-SETI_WT.E",0.00157194448682636,0.125370559593529,5.41794035960688,"up-regulated"
"AT3G01980_ID4","SETI_WT.P-SETI_WT.mock",7.50644942043904e-05,0.125370559593529,5.51791623639311,"up-regulated"
"AT3G01980_P1","SETI_WT.P-SETI_WT.E",4.86470206112013e-06,-0.351138523586934,-6.25916610835481,"down-regulated"
"AT3G01980_P1","SETI_WT.P-SETI_WT.mock",3.38319025719694e-08,-0.532225103219031,-7.3434871011418,"down-regulated"
"AT3G01980_P1","SETI_WT.PE-SETI_WT.mock",0.000356749919198797,-0.43129245205042,-4.99838281683826,"down-regulated"
"AT3G01980_P2","SETI_WT.P-SETI_WT.E",5.47006110235873e-09,0.448225268158973,7.44155780690938,"up-regulated"
"AT3G01980_P2","SETI_WT.P-SETI_WT.mock",0.000159421029290639,0.38789623967699,4.74001618559333,"up-regulated"
"AT3G01980_P2","SETI_WT.PE-SETI_WT.E",4.20417034877054e-07,0.404072860621955,7.232977835483,"up-regulated"
"AT3G01980_P2","SETI_WT.PE-SETI_WT.mock",0.00347795839786446,0.343743832139973,4.53143621416696,"up-regulated"
"AT3G01980_P4","SETI_WT.P-SETI_WT.E",6.58735885802418e-06,-0.373826542245837,-6.19034697663403,"down-regulated"
"AT3G01980_P4","SETI_WT.P-SETI_WT.mock",1.74152578509705e-05,-0.304329039118297,-6.34712246563036,"down-regulated"
"AT3G01980_P4","SETI_WT.PE-SETI_WT.mock",0.0076570933072477,-0.22639194935432,-4.18062465239735,"down-regulated"
"AT3G01980_P5","SETI_WT.P-SETI_WT.mock",0.000356697147442394,0.38668952782491,4.6332145227117,"up-regulated"
"AT3G01980_P5","SETI_WT.PE-SETI_WT.mock",0.00870155725118809,0.270251701575757,4.30894150856942,"up-regulated"
"AT3G02070_P1","SETI_WT.E-SETI_WT.mock",0.00374957604501188,0.306546163277567,7.07039408891949,"up-regulated"
"AT3G02070_P1","SETI_WT.P-SETI_WT.E",2.42565294859464e-05,-0.306546163277567,-6.86320341834159,"down-regulated"
"AT3G02170_P1","SETI_WT.PE-SETI_WT.mock",0.00612923246222149,-0.130518291922242,-0.370718127421163,"down-regulated"
"AT3G06290_JS21","SETI_WT.P-SETI_WT.mock",0.00523353613004794,0.454206177196098,3.28962721989193,"up-regulated"
"AT3G06770_P2","SETI_WT.P-SETI_WT.E",0.00431991531003048,-0.81432159864692,-5.96526838703432,"down-regulated"
"AT3G06770_P2","SETI_WT.P-SETI_WT.mock",0.00100074401399038,-0.711830863859375,-7.0820733084799,"down-regulated"
"AT3G07300_c2","SETI_WT.P-SETI_WT.E",0.00037587827521866,0.282091521494499,7.79158370573418,"up-regulated"
"AT3G07300_c2","SETI_WT.P-SETI_WT.mock",8.56218558004229e-05,0.282091521494499,7.89155958252042,"up-regulated"
"AT3G07300.3","SETI_WT.P-SETI_WT.E",0.000574808986418109,-0.249402470860137,-7.37315155618612,"down-regulated"
"AT3G07300.3","SETI_WT.P-SETI_WT.mock",0.00045662927259422,-0.21440808307911,-7.19015347166392,"down-regulated"
"AT3G07700.1","SETI_WT.E-SETI_WT.mock",9.9768075378126e-05,-0.285232806366206,0.991642265984364,"up-regulated"
"AT3G07700.2","SETI_WT.E-SETI_WT.mock",0.00267146227889708,0.269285616980663,4.63101584457276,"up-regulated"
"AT3G08800_P1","SETI_WT.E-SETI_WT.mock",0.00304329174529377,-0.568634231097561,-5.74972651409896,"down-regulated"
"AT3G09410_P3","SETI_WT.P-SETI_WT.mock",0.00908346910703162,0.490202426599716,3.06904885126339,"up-regulated"
"AT3G09410_P3","SETI_WT.PE-SETI_WT.mock",0.00869684148625506,0.308116739031353,3.42898156808087,"up-regulated"
"AT3G09670.1","SETI_WT.PE-SETI_WT.mock",0.0076570933072477,-0.553094197379388,-2.85958495718546,"down-regulated"
"AT3G09670.2","SETI_WT.PE-SETI_WT.mock",0.0076570933072477,0.553094197379388,5.33384973452874,"up-regulated"
"AT3G11280_P1","SETI_WT.P-SETI_WT.mock",6.25329255079471e-05,-0.346623818376498,-1.73298254069003,"down-regulated"
"AT3G11280_P1","SETI_WT.PE-SETI_WT.mock",0.000296909549168561,-0.345472073669351,-2.01395963799933,"down-regulated"
"AT3G11280_P2","SETI_WT.P-SETI_WT.mock",1.74152578509705e-05,0.350217404958076,0.778430927522842,"up-regulated"
"AT3G11280_P2","SETI_WT.PE-SETI_WT.mock",0.000118353634137851,0.339267289871638,0.400339871607263,"up-regulated"
"AT3G12550_P1","SETI_WT.PE-SETI_WT.mock",0.00615419770979324,-0.362667820041884,-6.74589843196139,"down-regulated"
"AT3G12915_JS1","SETI_WT.E-SETI_WT.mock",0.00203298816074318,0.885301957180239,5.70969621003896,"up-regulated"
"AT3G12915_JS1","SETI_WT.P-SETI_WT.mock",0.00149139946154832,1,5.31832453263391,"up-regulated"
"AT3G12915_JS3","SETI_WT.E-SETI_WT.mock",0.000778583246885052,-0.956281116486426,-7.10645317017253,"down-regulated"
"AT3G12915_JS3","SETI_WT.P-SETI_WT.mock",0.00523353613004794,-0.956281116486426,-6.99923837638086,"down-regulated"
"AT3G13784_P4","SETI_WT.P-SETI_WT.E",0.00508742326708741,1,5.45162342956045,"up-regulated"
"AT3G13784_P4","SETI_WT.P-SETI_WT.mock",0.00649747477354696,1,5.55159930634668,"up-regulated"
"AT3G14590_P2","SETI_WT.E-SETI_WT.mock",0.00792500962110624,-0.751953418732593,-5.16574889071286,"down-regulated"
"AT3G14590_P2","SETI_WT.PE-SETI_WT.E",0.00140862387288659,0.904777626845045,6.03978905244841,"up-regulated"
"AT3G15160_ID6","SETI_WT.E-SETI_WT.mock",0.00376268424476545,-0.133190472854085,-5.5162318120966,"down-regulated"
"AT3G16030_P2","SETI_WT.PE-SETI_WT.E",4.31668319866416e-06,0.750817588576275,6.59361166995219,"up-regulated"
"AT3G16030_P6","SETI_WT.E-SETI_WT.mock",0.00506283725421883,0.526151819685327,6.664724585957,"up-regulated"
"AT3G16030_P6","SETI_WT.P-SETI_WT.E",0.0066385172311545,-0.51763625717401,-6.22618535824765,"down-regulated"
"AT3G16030_P6","SETI_WT.PE-SETI_WT.E",4.20417034877054e-07,-0.808404509435305,-8.57456380880064,"down-regulated"
"AT3G16340_P1","SETI_WT.E-SETI_WT.mock",0.00663832322800405,0.501085847346159,4.64530630401322,"up-regulated"
"AT3G16340_P1","SETI_WT.PE-SETI_WT.mock",0.00494778461311927,0.460907958264143,5.45490462799722,"up-regulated"
"AT3G16340_P2","SETI_WT.P-SETI_WT.mock",0.000338679873056819,-0.501085847346159,-3.7386669120123,"down-regulated"
"AT3G16340_P2","SETI_WT.PE-SETI_WT.mock",0.00154318144983429,-0.501085847346159,-3.81065253269736,"down-regulated"
"AT3G18500_P3","SETI_WT.P-SETI_WT.E",0.000868686735492803,-0.128792579114555,-6.939322809043,"down-regulated"
"AT3G18500_P3","SETI_WT.PE-SETI_WT.E",0.0005476889361119,-0.128792579114555,-7.01130842972806,"down-regulated"
"AT3G20410_c1","SETI_WT.PE-SETI_WT.mock",0.00883261411783358,0.236920451513187,5.70237559811838,"up-regulated"
"AT3G22150_c1","SETI_WT.PE-SETI_WT.mock",0.00135381472250032,0.157146274542172,5.00664142780917,"up-regulated"
"AT3G22260_s1","SETI_WT.E-SETI_WT.mock",0.00203298816074318,-0.168528225972905,-3.99925908970319,"down-regulated"
"AT3G22260_s1","SETI_WT.P-SETI_WT.mock",6.74646711112052e-05,-0.168528225972905,-3.89204429591152,"down-regulated"
"AT3G22260_s1","SETI_WT.PE-SETI_WT.mock",0.000296909549168561,-0.168528225972905,-3.96402991659658,"down-regulated"
"AT3G25290_P1","SETI_WT.E-SETI_WT.mock",0.000593983886975096,0.941262930713701,3.4027633038482,"up-regulated"
"AT3G25290.2","SETI_WT.E-SETI_WT.mock",0.000593983886975096,-0.941262930713701,-4.10492721829304,"down-regulated"
"AT3G25840_c3","SETI_WT.E-SETI_WT.mock",0.00935482825241375,-0.146759050544394,-5.09956616191981,"down-regulated"
"AT3G25840_c3","SETI_WT.PE-SETI_WT.mock",0.00269307237677787,-0.146759050544394,-5.0643369888132,"down-regulated"
"AT3G27000_s2","SETI_WT.PE-SETI_WT.E",0.00977741765970663,0.174682190756976,4.67716806783925,"up-regulated"
"AT3G27190_ID3","SETI_WT.PE-SETI_WT.E",0.00193216338526619,0.482793962301503,4.84273913949397,"up-regulated"
"AT3G27190_ID3","SETI_WT.PE-SETI_WT.mock",0.00151371999018868,0.482793962301503,4.9427150162802,"up-regulated"
"AT3G27190_P1","SETI_WT.PE-SETI_WT.E",0.0020840207976866,-0.56958028183186,-1.95820775786408,"down-regulated"
"AT3G27190_P1","SETI_WT.PE-SETI_WT.mock",0.000118353634137851,-0.624703862988604,-2.21061303568372,"down-regulated"
"AT3G28100_ID7","SETI_WT.P-SETI_WT.mock",0.00754271198316211,-0.226798397525393,-5.71138564189718,"down-regulated"
"AT3G29390.1","SETI_WT.P-SETI_WT.mock",0.00610422922599275,0.332271915172568,7.54685618341716,"up-regulated"
"AT3G44150_c1","SETI_WT.E-SETI_WT.mock",1.06918027863446e-05,0.50090302218903,7.56241977444445,"up-regulated"
"AT3G44150_c1","SETI_WT.P-SETI_WT.mock",6.12674325752504e-06,0.532984716931472,7.0779166897307,"up-regulated"
"AT3G44150_c1","SETI_WT.PE-SETI_WT.mock",3.2414583225833e-05,0.500403908882855,6.74273420610028,"up-regulated"
"AT3G44150.1","SETI_WT.E-SETI_WT.mock",0.00030423951103088,-0.511190102629096,0.387937686661631,"up-regulated"
"AT3G44150.1","SETI_WT.P-SETI_WT.mock",0.000733696447296161,-0.528517576389636,-0.379688382977602,"down-regulated"
"AT3G44150.1","SETI_WT.PE-SETI_WT.mock",0.000103676800247004,-0.520857086437427,-0.357060600025656,"down-regulated"
"AT3G44730_P2","SETI_WT.PE-SETI_WT.E",0.0058626519937927,0.840215015024905,8.21153161413736,"up-regulated"
"AT3G47390_s1","SETI_WT.E-SETI_WT.mock",0.00116036380471824,0.294922148965754,6.55578906460049,"up-regulated"
"AT3G47390_s3","SETI_WT.E-SETI_WT.mock",0.00964744596625178,0.171218499596566,5.90386155157284,"up-regulated"
"AT3G47500_c2","SETI_WT.P-SETI_WT.mock",0.0088488636028207,-0.375185345192432,-7.58947825433444,"down-regulated"
"AT3G47940_ID3","SETI_WT.E-SETI_WT.mock",0.0050648271768455,-0.184386092701547,-3.89210780311814,"down-regulated"
"AT3G47940_ID3","SETI_WT.P-SETI_WT.mock",0.00847889370464359,-0.173428081295742,-3.44532023596752,"down-regulated"
"AT3G47940_P1","SETI_WT.E-SETI_WT.mock",0.0050648271768455,0.184386092701547,0.660373771416539,"up-regulated"
"AT3G47940_P1","SETI_WT.P-SETI_WT.mock",0.00847889370464359,0.173428081295742,0.83865299384069,"up-regulated"
"AT3G50430_ID19","SETI_WT.P-SETI_WT.mock",0.00944910001403799,0.498856328264477,4.11455323144102,"up-regulated"
"AT3G51150_P2","SETI_WT.P-SETI_WT.mock",8.84489455335526e-05,-0.808685537365753,-8.00986640035632,"down-regulated"
"AT3G51150_P2","SETI_WT.PE-SETI_WT.mock",2.00008036934404e-05,-0.808685537365753,-8.08185202104137,"down-regulated"
"AT3G51470_P1","SETI_WT.E-SETI_WT.mock",0.00470424615914115,-0.317778153237598,-0.40027132977878,"down-regulated"
"AT3G51470_P2","SETI_WT.E-SETI_WT.mock",0.00470424615914115,0.317778153237598,4.47153684444686,"up-regulated"
"AT3G53270_c1","SETI_WT.E-SETI_WT.mock",0.0011299580236506,0.222489816545514,7.14234093307487,"up-regulated"
"AT3G53270_c1","SETI_WT.P-SETI_WT.mock",0.00213764158787201,0.196425639865301,7.11235843348173,"up-regulated"
"AT3G53930_JS1","SETI_WT.PE-SETI_WT.mock",0.00311902004370341,-0.23063431855086,-6.08000121779379,"down-regulated"
"AT3G54270_ID5","SETI_WT.PE-SETI_WT.E",0.00652768447072941,1,4.9652137753528,"up-regulated"
"AT3G54270_ID5","SETI_WT.PE-SETI_WT.mock",0.00679960946057802,1,5.06518965213903,"up-regulated"
"AT3G54320_P3","SETI_WT.P-SETI_WT.mock",0.00583950140081237,-0.425642512135339,-5.05010737233369,"down-regulated"
"AT3G54320.1","SETI_WT.P-SETI_WT.mock",0.00583950140081237,0.425642512135339,1.26152007965539,"up-regulated"
"AT3G55080_P1","SETI_WT.PE-SETI_WT.mock",0.00937884508312059,0.456206134470389,2.12810318406687,"up-regulated"
"AT3G55600_P1","SETI_WT.E-SETI_WT.mock",0.000102573875845569,-0.519340643745126,-0.75367832522071,"down-regulated"
"AT3G55600_P1","SETI_WT.PE-SETI_WT.mock",0.00835481050430736,-0.33592906193154,-0.517067820127433,"down-regulated"
"AT3G55600_P2","SETI_WT.E-SETI_WT.mock",0.000102573875845569,0.519340643745126,3.29967207490225,"up-regulated"
"AT3G55600_P2","SETI_WT.PE-SETI_WT.mock",0.00835481050430736,0.33592906193154,2.48747144596853,"up-regulated"
"AT3G59780_JC6","SETI_WT.P-SETI_WT.mock",4.77721450980651e-05,0.132090399306661,7.65778435651835,"up-regulated"
"AT3G60330_P3","SETI_WT.P-SETI_WT.E",0.000762113794105888,0.5,3.47051935295012,"up-regulated"
"AT3G60330_P3","SETI_WT.P-SETI_WT.mock",0.00697866220929857,0.226706171540995,3.54230926948248,"up-regulated"
"AT3G60330_P3","SETI_WT.PE-SETI_WT.E",0.000757441785235056,0.5,3.45651311245273,"up-regulated"
"AT3G60330_P3","SETI_WT.PE-SETI_WT.mock",0.00738825280075144,0.226706171540995,3.52830302898509,"up-regulated"
"AT3G60330.2","SETI_WT.P-SETI_WT.E",0.000762113794105888,-0.5,-2.39196430242459,"down-regulated"
"AT3G60330.2","SETI_WT.P-SETI_WT.mock",0.00697866220929857,-0.226706171540995,-1.08639066019961,"down-regulated"
"AT3G60330.2","SETI_WT.PE-SETI_WT.E",0.000757441785235056,-0.5,-2.46394992310965,"down-regulated"
"AT3G60330.2","SETI_WT.PE-SETI_WT.mock",0.00738825280075144,-0.226706171540995,-1.15837628088467,"down-regulated"
"AT3G63400.1","SETI_WT.PE-SETI_WT.mock",0.00269307237677787,-0.288698920414658,0.0861042035850828,"up-regulated"
"AT4G01500_ID1","SETI_WT.PE-SETI_WT.mock",0.00327502054482033,-1,-5.02878595414592,"down-regulated"
"AT4G01500_P1","SETI_WT.PE-SETI_WT.mock",0.00327502054482033,1,2.49437909605874,"up-regulated"
"AT4G02550_P5","SETI_WT.E-SETI_WT.mock",0.000128431356878804,0.125119959459933,8.14230102087304,"up-regulated"
"AT4G02550_P5","SETI_WT.P-SETI_WT.mock",6.45023645954617e-05,0.132866903619249,7.76824180263989,"up-regulated"
"AT4G03480_P2","SETI_WT.PE-SETI_WT.mock",0.00606655434366075,1,6.72525306241336,"up-regulated"
"AT4G05040_P3","SETI_WT.P-SETI_WT.E",0.00110315628961986,-0.512324003573892,-6.83655337880217,"down-regulated"
"AT4G08180_JS1","SETI_WT.E-SETI_WT.mock",0.00493725409227343,-0.403108553082094,-6.37169524548046,"down-regulated"
"AT4G08180_JS1","SETI_WT.PE-SETI_WT.mock",0.00101785490568745,-0.403108553082094,-6.33646607237385,"down-regulated"
"AT4G09680_JC6","SETI_WT.E-SETI_WT.mock",0.000778583246885052,-0.231812336100635,-6.94454111389121,"down-regulated"
"AT4G09680_JC6","SETI_WT.PE-SETI_WT.mock",0.000777152357615892,-0.231812336100635,-6.9093119407846,"down-regulated"
"AT4G11470_P2","SETI_WT.E-SETI_WT.mock",0.00389856708583948,0.983973274136353,7.39610109285624,"up-regulated"
"AT4G11470_s1","SETI_WT.E-SETI_WT.mock",0.00389856708583948,-0.983973274136353,-2.7106542921509,"down-regulated"
"AT4G12720_P2","SETI_WT.E-SETI_WT.mock",9.9768075378126e-05,-0.116692341413028,-6.31003052300461,"down-regulated"
"AT4G12720_P2","SETI_WT.P-SETI_WT.mock",1.78157754307202e-05,-0.111490543853595,-3.34843229146911,"down-regulated"
"AT4G12720_P2","SETI_WT.PE-SETI_WT.mock",5.80905758923618e-07,-0.118195578339549,-9.10896628155957,"down-regulated"
"AT4G12790_P6","SETI_WT.E-SETI_WT.mock",0.00203298816074318,0.230167224717221,3.50804552609346,"up-regulated"
"AT4G12790_P6","SETI_WT.P-SETI_WT.mock",0.00180753970172198,0.181037304932938,3.504107511061,"up-regulated"
"AT4G12790_P6","SETI_WT.PE-SETI_WT.mock",0.000323132217141915,0.276010781777186,3.73028046150568,"up-regulated"
"AT4G13030_JC9","SETI_WT.P-SETI_WT.mock",0.00103313643702667,-1,-5.20847893032781,"down-regulated"
"AT4G13120_JS1","SETI_WT.PE-SETI_WT.mock",0.00985006493144173,-0.771252304025389,-5.011234102627,"down-regulated"
"AT4G14790_P1","SETI_WT.PE-SETI_WT.mock",0.00483133994316552,0.543735670461317,1.45407514142127,"up-regulated"
"AT4G14790_P2","SETI_WT.PE-SETI_WT.mock",0.00343335537019685,-0.481209143763955,-6.62783090346444,"down-regulated"
"AT4G16280_JC3","SETI_WT.P-SETI_WT.mock",0.00442188718130405,-0.179714760113941,-0.579347209186108,"down-regulated"
"AT4G16280.2","SETI_WT.P-SETI_WT.mock",0.00442188718130405,0.179714760113941,1.37183957062437,"up-regulated"
"AT4G16765_c2","SETI_WT.PE-SETI_WT.E",0.00171820595225309,0.680762207983101,6.03016211129254,"up-regulated"
"AT4G16765_P1","SETI_WT.PE-SETI_WT.E",0.00171820595225309,-0.66762497030547,-6.04945214555768,"down-regulated"
"AT4G16900_ID3","SETI_WT.P-SETI_WT.E",0.00577584063405645,-0.190607342565973,-5.21716404125132,"down-regulated"
"AT4G18740_ID3","SETI_WT.P-SETI_WT.E",0.00873891907951992,0.234184107035614,3.32200116155089,"up-regulated"
"AT4G18740_ID3","SETI_WT.P-SETI_WT.mock",0.00180753970172198,0.234184107035614,3.42197703833712,"up-regulated"
"AT4G19070_P1","SETI_WT.PE-SETI_WT.E",0.00238891407577602,-0.356570205250333,-4.11740677789444,"down-regulated"
"AT4G19520.1","SETI_WT.P-SETI_WT.E",0.00110315628961986,-0.119662238153436,-9.79796258793833,"down-regulated"
"AT4G21060.1","SETI_WT.PE-SETI_WT.E",0.00290894981886625,0.520613737707209,4.75519086483382,"up-regulated"
"AT4G21060.1","SETI_WT.PE-SETI_WT.mock",0.00220014113876802,0.520613737707209,4.85516674162005,"up-regulated"
"AT4G21060.2","SETI_WT.PE-SETI_WT.E",0.00290894981886625,-0.520613737707209,-1.97521539550411,"down-regulated"
"AT4G21060.2","SETI_WT.PE-SETI_WT.mock",0.00220014113876802,-0.520613737707209,-1.85066200232157,"down-regulated"
"AT4G22200_JS1","SETI_WT.P-SETI_WT.mock",0.00454007705986248,1,6.203993175948,"up-regulated"
"AT4G23250_P2","SETI_WT.P-SETI_WT.E",0.00312513941153975,0.429953901282264,-0.866978981691863,"down-regulated"
"AT4G23250.1","SETI_WT.P-SETI_WT.E",0.00312513941153975,-0.429953901282264,-8.75738612927834,"down-regulated"
"AT4G23910_ID5","SETI_WT.P-SETI_WT.mock",0.00072066384026271,-0.289881133103502,-7.1833554351793,"down-regulated"
"AT4G24290_P3","SETI_WT.P-SETI_WT.mock",0.00126788638729102,0.240397405323598,4.74607076167426,"up-regulated"
"AT4G24290_P3","SETI_WT.PE-SETI_WT.mock",0.00269307237677787,0.25119350428664,4.41828404933746,"up-regulated"
"AT4G26140_P5","SETI_WT.P-SETI_WT.mock",0.00574319895102147,-0.642057201834451,-4.15024507771477,"down-regulated"
"AT4G27490_P1","SETI_WT.P-SETI_WT.mock",0.00521513083404778,0.312756478411881,5.11430256646826,"up-regulated"
"AT4G29730_JC2","SETI_WT.PE-SETI_WT.mock",0.00870913607778604,0.39632380275581,3.13782409719207,"up-regulated"
"AT4G29730_P1","SETI_WT.PE-SETI_WT.mock",0.00870913607778604,-0.39632380275581,-4.54445440358819,"down-regulated"
"AT4G29900_c2","SETI_WT.E-SETI_WT.mock",0.00911326585173868,0.218411987477548,3.54014032132651,"up-regulated"
"AT4G30850.2","SETI_WT.E-SETI_WT.mock",0.0099278800733169,0.641635030282391,9.46306423531969,"up-regulated"
"AT4G31010_P1","SETI_WT.E-SETI_WT.mock",0.00935482825241375,-0.180911643063927,-0.603923477366497,"down-regulated"
"AT4G31010_P2","SETI_WT.E-SETI_WT.mock",0.00935482825241375,0.180911643063927,4.29130716332907,"up-regulated"
"AT4G31430_P2","SETI_WT.E-SETI_WT.mock",0.00206628447565429,-0.132968177007051,-5.54050940294286,"down-regulated"
"AT4G31430_P2","SETI_WT.P-SETI_WT.mock",0.000973410957368846,-0.132968177007051,-5.4332946091512,"down-regulated"
"AT4G31430_P2","SETI_WT.PE-SETI_WT.mock",0.00155084430729128,-0.132968177007051,-5.50528022983626,"down-regulated"
"AT4G32060_P1","SETI_WT.E-SETI_WT.mock",0.000685425285502565,0.250523916949199,1.04394690908272,"up-regulated"
"AT4G33100_s1","SETI_WT.P-SETI_WT.E",0.000508602314996129,0.883442425122636,6.67652207067835,"up-regulated"
"AT4G33100_s1","SETI_WT.PE-SETI_WT.E",0.0005476889361119,0.894097106111705,6.56850568717951,"up-regulated"
"AT4G33100_s2","SETI_WT.P-SETI_WT.E",0.00964658538854055,-0.759023848727005,-4.96210343234628,"down-regulated"
"AT4G33470_ID21","SETI_WT.P-SETI_WT.mock",0.000338679873056819,0.1345537123502,4.27720487621317,"up-regulated"
"AT4G34140_P3","SETI_WT.PE-SETI_WT.mock",0.00351214108216955,-0.300278675027206,-6.49787818194106,"down-regulated"
"AT4G34540_JC2","SETI_WT.P-SETI_WT.mock",0.00843335605501798,-0.130201363790112,-5.25319740150811,"down-regulated"
"AT4G34540.1","SETI_WT.P-SETI_WT.mock",0.00843335605501798,0.130201363790112,-0.708047612170927,"down-regulated"
"AT4G34840_P2","SETI_WT.PE-SETI_WT.mock",0.00916927181183058,-0.231527992104367,-4.72666659443196,"down-regulated"
"AT4G36400_s3","SETI_WT.P-SETI_WT.E",0.0045300115983472,-0.146000202520286,-5.96482969532999,"down-regulated"
"AT4G36400_s3","SETI_WT.P-SETI_WT.mock",0.00103313643702667,-0.147482500458968,-6.36805979884166,"down-regulated"
"AT4G36648_c1","SETI_WT.E-SETI_WT.mock",0.000762999542736548,-0.19743855400374,-9.11503970332929,"down-regulated"
"AT4G36940_ID2","SETI_WT.P-SETI_WT.mock",0.00838202070303432,0.218183979829672,2.29532755761694,"up-regulated"
"AT4G36940_ID2","SETI_WT.PE-SETI_WT.mock",0.00887403283945135,0.202504375147223,2.49502987972259,"up-regulated"
"AT4G38160_ID3","SETI_WT.E-SETI_WT.mock",4.180080867521e-05,0.357978847470507,6.31150263918714,"up-regulated"
"AT4G38160.3","SETI_WT.P-SETI_WT.mock",0.0091802810611251,0.726350454405127,3.61343950915096,"up-regulated"
"AT4G38545_ID2","SETI_WT.P-SETI_WT.mock",0.00127515674458944,0.609134443256065,5.9311894764816,"up-regulated"
"AT4G39270_P1","SETI_WT.PE-SETI_WT.mock",0.00347795839786446,0.233338865141347,2.67186031629645,"up-regulated"
"AT4G39270_P7","SETI_WT.P-SETI_WT.mock",3.42841596786506e-05,-0.289544307161957,-5.70911784559083,"down-regulated"
"AT4G39270_P7","SETI_WT.PE-SETI_WT.mock",0.00101785490568745,-0.262908008586049,-1.0690295720715,"down-regulated"
"AT5G01510_ID4","SETI_WT.PE-SETI_WT.mock",0.00180220506629748,0.206155392386655,4.8651598094881,"up-regulated"
"AT5G01810_ID2","SETI_WT.E-SETI_WT.mock",0.000885493401353962,0.118052221462641,6.64442022574847,"up-regulated"
"AT5G01990_ID4","SETI_WT.PE-SETI_WT.mock",3.2414583225833e-05,0.265728212754885,5.54873351715708,"up-regulated"
"AT5G01990.1","SETI_WT.PE-SETI_WT.mock",3.2414583225833e-05,-0.265728212754885,-0.877484511138316,"down-regulated"
"AT5G02290_P1","SETI_WT.PE-SETI_WT.E",0.00290894981886625,0.156759800735001,-0.486856782010842,"down-regulated"
"AT5G02290_P1","SETI_WT.PE-SETI_WT.mock",0.00265111588224392,0.226797922249421,1.34460277178748,"up-regulated"
"AT5G02290_P2","SETI_WT.PE-SETI_WT.E",0.00290894981886625,-0.156759800735001,-9.26237700503831,"down-regulated"
"AT5G02290_P2","SETI_WT.PE-SETI_WT.mock",0.00265111588224392,-0.226797922249421,-7.52400072485365,"down-regulated"
"AT5G03320_JS2","SETI_WT.P-SETI_WT.mock",0.00209389169891637,0.153738645613899,7.52466233700077,"up-regulated"
"AT5G03320_JS2","SETI_WT.PE-SETI_WT.mock",0.00343335537019685,0.136938593723582,7.23709402905729,"up-regulated"
"AT5G03320_P1","SETI_WT.E-SETI_WT.mock",0.000205292697748355,-0.256545480629858,1.15340431215628,"up-regulated"
"AT5G03320_P1","SETI_WT.P-SETI_WT.mock",3.42841596786506e-05,-0.271308629952396,1.74216851305186,"up-regulated"
"AT5G03320_P1","SETI_WT.PE-SETI_WT.mock",0.000111905200710637,-0.273389162699983,1.56800286020015,"up-regulated"
"AT5G03700_c1","SETI_WT.P-SETI_WT.mock",0.00664173060592247,-0.245891199686289,-1.64978802356108,"down-regulated"
"AT5G03700_P1","SETI_WT.P-SETI_WT.mock",0.00664173060592247,0.245891199686289,5.15657692035875,"up-regulated"
"AT5G04550_P1","SETI_WT.E-SETI_WT.mock",5.91493183489598e-06,-0.304732720294365,0.857363467727587,"up-regulated"
"AT5G04550_P1","SETI_WT.P-SETI_WT.mock",6.74646711112052e-05,-0.241257673182677,0.195094549925887,"up-regulated"
"AT5G04550_P1","SETI_WT.PE-SETI_WT.mock",0.000427911135403858,-0.207025844109045,0.237927589410787,"up-regulated"
"AT5G04550_P2","SETI_WT.E-SETI_WT.mock",0.000463235787777321,0.257268742220309,4.16048520982442,"up-regulated"
"AT5G04550_P2","SETI_WT.P-SETI_WT.mock",0.00181965490322486,0.21774559763588,3.20183773734177,"up-regulated"
"AT5G04550_P2","SETI_WT.PE-SETI_WT.mock",0.00693371035056253,0.187041000841524,3.01363258345188,"up-regulated"
"AT5G05570_c2","SETI_WT.E-SETI_WT.mock",0.00947300983259855,0.139640396338128,6.54582070187813,"up-regulated"
"AT5G05630_JS1","SETI_WT.P-SETI_WT.mock",0.00808420036902724,1,3.65150551913341,"up-regulated"
"AT5G05630_JS1","SETI_WT.PE-SETI_WT.mock",0.00565633340891344,1,3.92154410664499,"up-regulated"
"AT5G05630_P1","SETI_WT.P-SETI_WT.mock",0.00808420036902724,-1,-5.0717311905132,"down-regulated"
"AT5G05630_P1","SETI_WT.PE-SETI_WT.mock",0.00565633340891344,-1,-5.14371681119826,"down-regulated"
"AT5G07150_P1","SETI_WT.P-SETI_WT.E",0.0045300115983472,0.792193199443437,5.43122957985686,"up-regulated"
"AT5G07890_P4","SETI_WT.P-SETI_WT.mock",0.00157263930422368,-0.244475232719241,-5.88046284980516,"down-regulated"
"AT5G08440_c3","SETI_WT.P-SETI_WT.E",0.00873891907951992,0.254701456794043,5.99015163418039,"up-regulated"
"AT5G15790_P1","SETI_WT.E-SETI_WT.mock",9.9768075378126e-05,0.675222486477534,7.33878345017262,"up-regulated"
"AT5G15790_P2","SETI_WT.E-SETI_WT.mock",0.00240994356689139,-0.691421867647634,-1.51908475515789,"down-regulated"
"AT5G16505_c1","SETI_WT.P-SETI_WT.mock",0.00731774318091385,0.179228077339973,2.90806599621448,"up-regulated"
"AT5G16505.2","SETI_WT.P-SETI_WT.mock",0.00731774318091385,-0.179228077339972,-0.351148539286303,"down-regulated"
"AT5G17440_JC5","SETI_WT.P-SETI_WT.mock",0.00454148813076966,-0.177079516601692,-3.36309416922503,"down-regulated"
"AT5G17680_P2","SETI_WT.P-SETI_WT.mock",0.00838202070303432,0.953573292786619,7.7496386918936,"up-regulated"
"AT5G17680.1","SETI_WT.P-SETI_WT.mock",0.00838202070303432,-0.953573292786619,-1.57656470926701,"down-regulated"
"AT5G18260_ID4","SETI_WT.P-SETI_WT.mock",0.00662713945928997,0.657098264302875,4.23296656312241,"up-regulated"
"AT5G18260.1","SETI_WT.P-SETI_WT.mock",0.00181965490322486,-0.756363101776921,-6.13267061940754,"down-regulated"
"AT5G18500_P2","SETI_WT.P-SETI_WT.E",0.00577584063405645,0.344671842612035,4.16226705558518,"up-regulated"
"AT5G19670_P1","SETI_WT.E-SETI_WT.mock",0.00210560984835878,-0.852966109370353,-6.72232438821033,"down-regulated"
"AT5G19670_P2","SETI_WT.E-SETI_WT.mock",0.000627041811383942,0.875739555222086,6.17908578864698,"up-regulated"
"AT5G23450_P1","SETI_WT.PE-SETI_WT.E",0.00193216338526619,-0.163839842588151,-8.96585204414367,"down-regulated"
"AT5G23720_P1","SETI_WT.E-SETI_WT.mock",0.00798519341277223,-0.512309032996051,-3.3313125436907,"down-regulated"
"AT5G23720_P1","SETI_WT.P-SETI_WT.E",0.00644807021182808,0.46320853629807,3.35073722056519,"up-regulated"
"AT5G25560_ID7","SETI_WT.P-SETI_WT.E",0.000568902892716665,0.174626973180984,5.85234327264759,"up-regulated"
"AT5G26760_P2","SETI_WT.E-SETI_WT.mock",0.00678884003691267,-0.203413588975087,-0.532458679597076,"down-regulated"
"AT5G27620_s1","SETI_WT.P-SETI_WT.E",0.00461214092767465,0.109335665177569,5.09235415658369,"up-regulated"
"AT5G27620_s1","SETI_WT.P-SETI_WT.mock",0.00397441374836048,0.109335665177569,5.19233003336992,"up-regulated"
"AT5G35170_P1","SETI_WT.P-SETI_WT.mock",0.000172798835772634,0.187185367203997,-0.948568552788484,"down-regulated"
"AT5G35210_s3","SETI_WT.P-SETI_WT.mock",0.000733696447296161,-0.308604546338873,-8.99479654579482,"down-regulated"
"AT5G35210_s3","SETI_WT.PE-SETI_WT.mock",0.00101274166601104,-0.308604546338873,-9.06678216647988,"down-regulated"
"AT5G36700_P1","SETI_WT.P-SETI_WT.mock",0.00181965490322486,0.101074538476746,-1.41227093252493,"down-regulated"
"AT5G37020_P1","SETI_WT.PE-SETI_WT.mock",0.0072239708781247,-0.217762656177297,-5.36263305571077,"down-regulated"
"AT5G38895_P1","SETI_WT.E-SETI_WT.mock",0.00444486972184951,-0.161508193208531,-2.45632697997636,"down-regulated"
"AT5G38895.3","SETI_WT.E-SETI_WT.mock",0.000854571699478086,-0.355579530729064,-0.335399698397574,"down-regulated"
"AT5G41610_P1","SETI_WT.E-SETI_WT.mock",0.00432066894014473,0.327348592186195,5.39272226358483,"up-regulated"
"AT5G41620_P1","SETI_WT.P-SETI_WT.mock",0.00935943434997443,-0.840285747994291,-6.16629153027798,"down-regulated"
"AT5G44010_P4","SETI_WT.PE-SETI_WT.E",0.00555715384057036,0.784676377943253,4.73936572534543,"up-regulated"
"AT5G45720_P1","SETI_WT.PE-SETI_WT.mock",0.00832282726446586,-0.917365470830099,-5.51409955053714,"down-regulated"
"AT5G45720_P2","SETI_WT.PE-SETI_WT.mock",0.00832282726446586,0.917365470830099,4.00943264147065,"up-regulated"
"AT5G47380_P3","SETI_WT.P-SETI_WT.E",0.00577584063405645,0.902915768057992,3.14451376365771,"up-regulated"
"AT5G47430_P4","SETI_WT.PE-SETI_WT.mock",0.00536500581069634,0.109618230841701,7.15723418246033,"up-regulated"
"AT5G47430_P5","SETI_WT.PE-SETI_WT.mock",0.00095128268106196,-0.13223299875209,-6.79332476167913,"down-regulated"
"AT5G48620_P2","SETI_WT.E-SETI_WT.mock",0.000283569501110834,0.42185509251799,9.92854137457019,"up-regulated"
"AT5G48620_P3","SETI_WT.PE-SETI_WT.mock",0.00802811918772683,-0.440771916635562,-4.56141074416531,"down-regulated"
"AT5G54440_P2","SETI_WT.PE-SETI_WT.E",0.000632369985697399,-0.14417545819947,-7.32610830807101,"down-regulated"
"AT5G56160_P1","SETI_WT.P-SETI_WT.mock",0.00166952753356664,-0.568875016746841,-5.55663232892743,"down-regulated"
"AT5G57565_P6","SETI_WT.E-SETI_WT.mock",0.002999291987125,-0.553872788107147,-5.67940648436785,"down-regulated"
"AT5G57565_P6","SETI_WT.PE-SETI_WT.E",0.00977741765970663,0.510763925672699,4.63583220746385,"up-regulated"
"AT5G58140_P1","SETI_WT.P-SETI_WT.E",0.00964658538854055,-0.104293588136009,-8.0492095114387,"down-regulated"
"AT5G58140_P1","SETI_WT.P-SETI_WT.mock",0.00404809421581923,-0.128428292119009,-9.04944197101515,"down-regulated"
"AT5G58340_P1","SETI_WT.PE-SETI_WT.mock",0.00304175067781993,-0.554635356288935,-5.02707209891589,"down-regulated"
"AT5G59670_P2","SETI_WT.P-SETI_WT.mock",0.00726263505908688,0.628778649234904,4.16568797782077,"up-regulated"
"AT5G60210_JS6","SETI_WT.P-SETI_WT.mock",0.00968153094805899,0.837208304070506,4.12609017269239,"up-regulated"
"AT5G60980_P4","SETI_WT.P-SETI_WT.E",0.00443821576590443,-0.150430010932252,-4.028548026833,"down-regulated"
"AT5G61300_P2","SETI_WT.P-SETI_WT.mock",0.00276542594144314,-0.887858173773488,-6.18412046157828,"down-regulated"
"AT5G61300_s1","SETI_WT.P-SETI_WT.mock",0.00276542594144314,0.887858173773488,2.78870375471527,"up-regulated"
"AT5G63370_c2","SETI_WT.P-SETI_WT.mock",0.00336376998383316,0.159280577745868,8.3198185375442,"up-regulated"
"AT5G63370_c4","SETI_WT.PE-SETI_WT.mock",0.00135381472250032,-0.168692776289374,-7.26866324764209,"down-regulated"
